date,FL364090005.Q,FL313011105.Q,FL363020005.Q,FL363030005.Q,FL213034003.Q,FL362051005.Q,FL364022005.Q,FL213069103.Q,FL213061103.Q,FL363061705.Q,FL213062003.Q,FL363063005.Q,FL364023005.Q,FL363065005.Q,FL313066220.Q,FL363069005.Q,LM363064105.Q,FL313081115.Q,LM213064203.Q,FL363070005.Q,FL363078005.Q,FL213093003.Q,FL364190005.Q,LM313111303.Q,FL313125003.Q,FL313131003.Q,FL364122005.Q,FL313161105.Q,FL313161705.Q,FL213162005.Q,FL364123005.Q,FL313165403.Q,FL363169005.Q,FL313140003.Q,FL363170005.Q,FL363190005.Q,FL374090005.Q,FL374190005.Q
1945:Q4,77701,20083,30721,633,0,0,7524,0,5531,234,1759,0,5846,1384,0,4462,0,443,0,1942,10107,0,335052,0,4183,3014,220677,208239,308,12130,46343,0,46343,3593,3311,53931,69906,327257
1946:Q1,ND,ND,ND,ND,ND,ND,ND,ND,ND,ND,ND,ND,ND,ND,ND,ND,ND,ND,ND,ND,ND,ND,ND,ND,ND,ND,ND,ND,ND,ND,ND,ND,ND,ND,ND,ND,ND,ND
1946:Q2,ND,ND,ND,ND,ND,ND,ND,ND,ND,ND,ND,ND,ND,ND,ND,ND,ND,ND,ND,ND,ND,ND,ND,ND,ND,ND,ND,ND,ND,ND,ND,ND,ND,ND,ND,ND,ND,ND
1946:Q3,ND,ND,ND,ND,ND,ND,ND,ND,ND,ND,ND,ND,ND,ND,ND,ND,ND,ND,ND,ND,ND,ND,ND,ND,ND,ND,ND,ND,ND,ND,ND,ND,ND,ND,ND,ND,ND,ND
1946:Q4,56457,20706,8873,828,0,0,6767,0,5179,134,1454,0,8636,1063,0,7573,0,700,0,1265,8718,0,317760,0,4406,3379,196081,183777,105,12199,47908,0,47908,4758,1444,59784,49340,310643
1947:Q1,ND,ND,ND,ND,ND,ND,ND,ND,ND,ND,ND,ND,ND,ND,ND,ND,ND,ND,ND,ND,ND,ND,ND,ND,ND,ND,ND,ND,ND,ND,ND,ND,ND,ND,ND,ND,ND,ND
1947:Q2,ND,ND,ND,ND,ND,ND,ND,ND,ND,ND,ND,ND,ND,ND,ND,ND,ND,ND,ND,ND,ND,ND,ND,ND,ND,ND,ND,ND,ND,ND,ND,ND,ND,ND,ND,ND,ND,ND
1947:Q3,ND,ND,ND,ND,ND,ND,ND,ND,ND,ND,ND,ND,ND,ND,ND,ND,ND,ND,ND,ND,ND,ND,ND,ND,ND,ND,ND,ND,ND,ND,ND,ND,ND,ND,ND,ND,ND,ND
1947:Q4,67950,22868,9062,978,0,0,7442,0,5890,137,1415,0,12627,995,0,11632,0,991,0,1376,11066,0,320140,0,4406,3523,188376,174498,68,13810,50835,0,50835,5363,646,66991,60142,312332
1948:Q1,ND,ND,ND,ND,ND,ND,ND,ND,ND,ND,ND,ND,ND,ND,ND,ND,ND,ND,ND,ND,ND,ND,ND,ND,ND,ND,ND,ND,ND,ND,ND,ND,ND,ND,ND,ND,ND,ND
1948:Q2,ND,ND,ND,ND,ND,ND,ND,ND,ND,ND,ND,ND,ND,ND,ND,ND,ND,ND,ND,ND,ND,ND,ND,ND,ND,ND,ND,ND,ND,ND,ND,ND,ND,ND,ND,ND,ND,ND
1948:Q3,ND,ND,ND,ND,ND,ND,ND,ND,ND,ND,ND,ND,ND,ND,ND,ND,ND,ND,ND,ND,ND,ND,ND,ND,ND,ND,ND,ND,ND,ND,ND,ND,ND,ND,ND,ND,ND,ND
1948:Q4,74634,24399,10746,1255,0,0,8046,0,6277,334,1435,0,14044,1095,0,12949,0,994,0,1462,11878,0,323558,0,4433,3442,182400,166341,915,15144,53329,0,53329,5576,789,73589,66349,315273
1949:Q1,ND,ND,ND,ND,ND,ND,ND,ND,ND,ND,ND,ND,ND,ND,ND,ND,ND,ND,ND,ND,ND,ND,ND,ND,ND,ND,ND,ND,ND,ND,ND,ND,ND,ND,ND,ND,ND,ND
1949:Q2,ND,ND,ND,ND,ND,ND,ND,ND,ND,ND,ND,ND,ND,ND,ND,ND,ND,ND,ND,ND,ND,ND,ND,ND,ND,ND,ND,ND,ND,ND,ND,ND,ND,ND,ND,ND,ND,ND
1949:Q3,ND,ND,ND,ND,ND,ND,ND,ND,ND,ND,ND,ND,ND,ND,ND,ND,ND,ND,ND,ND,ND,ND,ND,ND,ND,ND,ND,ND,ND,ND,ND,ND,ND,ND,ND,ND,ND,ND
1949:Q4,74935,24563,11331,1472,0,0,8425,0,6343,334,1748,0,14982,1293,0,13689,0,970,0,1427,9614,0,333519,0,4442,3302,184500,167366,1004,16130,55747,0,55747,5660,950,78918,66356,324940
1950:Q1,ND,ND,ND,ND,ND,ND,ND,ND,ND,ND,ND,ND,ND,ND,ND,ND,ND,ND,ND,ND,ND,ND,ND,ND,ND,ND,ND,ND,ND,ND,ND,ND,ND,ND,ND,ND,ND,ND
1950:Q2,ND,ND,ND,ND,ND,ND,ND,ND,ND,ND,ND,ND,ND,ND,ND,ND,ND,ND,ND,ND,ND,ND,ND,ND,ND,ND,ND,ND,ND,ND,ND,ND,ND,ND,ND,ND,ND,ND
1950:Q3,ND,ND,ND,ND,ND,ND,ND,ND,ND,ND,ND,ND,ND,ND,ND,ND,ND,ND,ND,ND,ND,ND,ND,ND,ND,ND,ND,ND,ND,ND,ND,ND,ND,ND,ND,ND,ND,ND
1950:Q4,83226,22820,11562,1581,0,0,9118,0,6852,234,2032,0,15989,1912,0,14077,0,930,0,2287,17015,0,343214,0,4480,3035,187594,166557,382,20655,56850,0,56850,5969,2164,83122,73787,333775
1951:Q1,ND,ND,ND,ND,ND,ND,ND,ND,ND,ND,ND,ND,ND,ND,ND,ND,ND,ND,ND,ND,ND,ND,ND,ND,ND,ND,ND,ND,ND,ND,ND,ND,ND,ND,ND,ND,ND,ND
1951:Q2,ND,ND,ND,ND,ND,ND,ND,ND,ND,ND,ND,ND,ND,ND,ND,ND,ND,ND,ND,ND,ND,ND,ND,ND,ND,ND,ND,ND,ND,ND,ND,ND,ND,ND,ND,ND,ND,ND
1951:Q3,ND,ND,ND,ND,ND,ND,ND,ND,ND,ND,ND,ND,ND,ND,ND,ND,ND,ND,ND,ND,ND,ND,ND,ND,ND,ND,ND,ND,ND,ND,ND,ND,ND,ND,ND,ND,ND,ND
1951:Q4,92297,22872,12095,1821,0,0,9832,0,7332,439,2061,0,17376,2609,0,14767,0,874,0,3425,22101,0,354729,0,4553,2813,189742,166727,245,22770,57350,0,57350,6142,3850,90279,82088,344520
1952:Q1,98088,23428,15618,1927,0,80,10141,0,7680,368,2093,0,17844,2900,0,14944,0,874,0,3657,22550,31,358417,0,4575,2777,190584,165360,208,25016,57404,0,57404,6157,3771,93149,87544,347873
1952:Q2,99619,23533,15627,1948,0,167,10808,0,8140,563,2105,0,18180,2962,0,15218,0,874,0,3964,22479,128,363008,0,4598,2728,192564,165031,53,27480,57792,0,57792,6177,3797,95352,88530,351919
1952:Q3,88186,23526,15291,1949,0,679,10957,0,8218,626,2113,0,18635,3055,0,15580,0,874,0,4292,9830,244,370056,0,4625,2680,196959,167863,401,28695,58369,0,58369,6185,4017,97221,76875,358745
1952:Q4,90889,23252,14789,1979,0,247,11251,0,8538,602,2111,0,19054,3272,0,15782,0,874,0,4450,12707,361,377929,0,4656,2656,201902,171619,626,29657,58722,0,58722,6185,4415,99393,79102,366142
1953:Q1,93873,22649,15630,2003,0,256,11532,0,8826,592,2114,0,19425,3481,0,15944,0,874,0,4746,14577,245,378253,0,4670,2618,200140,168191,728,31221,58905,0,58905,6193,4651,101076,82020,366400
1953:Q2,94706,22521,13712,2082,0,0,11647,0,8988,515,2144,0,20244,3650,0,16594,0,874,0,4671,16949,136,381171,0,4698,2567,201243,168581,283,32379,58901,0,58901,6211,4572,102979,82735,369200
1953:Q3,89351,22220,15891,2040,0,815,11811,0,9114,494,2203,0,20930,3759,0,17171,0,874,0,4748,7862,273,391253,0,4716,2509,209238,175018,425,33795,59007,0,59007,6236,4691,104856,77192,379094
1953:Q4,89462,22091,13672,2299,0,175,12151,0,9342,516,2293,0,21094,3750,0,17344,0,874,0,4417,10462,397,398479,0,4738,2465,214079,176814,2253,35012,59086,0,59086,6259,4758,107094,77053,386070
1954:Q1,91976,22035,15878,2627,0,-216,12351,0,9402,565,2384,0,21033,3704,0,17329,0,866,0,4682,10699,267,398645,0,4779,2415,211627,172200,2911,36516,59052,0,59052,6246,5061,109465,79520,386189
1954:Q2,92813,22027,16282,2670,0,0,12483,0,9466,576,2441,0,20679,3717,0,16962,0,845,0,4577,11336,121,400897,0,4803,2355,211783,171915,2002,37866,59295,0,59295,6187,4853,111621,80429,388513
1954:Q3,85027,21863,13286,2782,0,1006,12712,0,9638,606,2468,0,20765,3877,0,16888,0,845,0,4867,4957,212,406525,0,4815,2304,214958,175045,537,39376,59437,0,59437,6087,4897,114027,72468,393966
1954:Q4,87908,21793,13704,2789,0,172,12916,0,9789,660,2467,0,20957,4007,0,16950,0,938,0,4823,7748,315,415828,0,4829,2239,221533,178532,2338,40663,59764,0,59764,5960,5104,116399,75213,403133
1955:Q1,91407,21763,13649,2751,0,402,13173,0,9978,739,2456,0,21213,4056,0,17157,0,938,0,4858,10637,213,415881,0,4841,2200,218723,173973,2595,42155,59959,0,59959,5861,5116,119181,78526,403000
1955:Q2,96730,21730,15526,2822,0,0,13475,0,10248,772,2455,0,21469,4164,0,17305,0,938,0,4811,13903,141,417661,0,4846,2107,217814,172997,1550,43267,60324,0,60324,5809,5202,121559,83589,404520
1955:Q3,89270,21745,13844,2665,0,1136,13764,0,10550,751,2463,0,21569,4198,0,17371,0,938,0,4915,6437,313,423366,0,4850,1997,220767,175191,908,44668,60594,0,60594,5810,5386,123962,75816,409912
1955:Q4,92467,21753,13453,2713,0,721,14111,0,10936,696,2479,0,21579,4263,0,17316,0,938,0,5137,9614,469,431047,0,4852,1984,225497,178189,1611,45697,60728,0,60728,5795,5667,126524,78601,417181
1956:Q1,96405,21765,16037,2859,0,563,14323,0,11198,630,2495,0,21551,4282,0,17269,0,938,0,5098,10818,391,430978,0,4859,1893,222273,173724,1617,46932,60916,0,60916,5853,5842,129342,82254,416827
1956:Q2,99051,21868,16056,2840,0,0,14676,0,11531,642,2503,0,21809,4305,0,17504,0,935,0,5444,13020,291,429624,0,4876,1858,217506,168502,1151,47853,61157,0,61157,5943,6028,132256,84557,415130
1956:Q3,92717,22032,14124,2677,0,1878,14969,0,11779,691,2499,0,21857,4321,0,17536,0,970,0,5528,5843,466,434936,0,4890,1792,219431,169476,917,49038,61651,0,61651,6029,6267,134876,77944,420163
1956:Q4,95002,22058,12637,2730,0,1292,15235,0,11988,767,2480,0,22311,4365,0,17946,0,970,0,5477,8655,533,442823,0,4910,1740,223855,172637,1356,49862,61565,0,61565,6098,6684,137971,80015,427836
1957:Q1,100337,22406,15793,2924,0,1118,15317,0,12017,835,2465,0,22372,4457,0,17915,0,1045,0,5550,10121,379,447848,0,4929,1693,223790,171487,1378,50925,61102,0,61102,6144,6796,143394,85279,432790
1957:Q2,100927,22732,15028,3049,0,0,15327,0,12006,847,2474,0,22219,4551,0,17668,0,1038,0,5721,11920,222,447960,0,4951,1592,218819,166057,926,51836,60942,0,60942,6166,6930,148560,85869,432902
1957:Q3,96549,22759,14386,3082,0,2242,15188,0,11867,807,2514,0,22502,4684,0,17818,0,1038,0,5706,5227,376,458345,0,4970,1490,224565,170669,704,53192,60614,48,60566,6178,7069,153459,81524,443320
1957:Q4,96949,22857,12163,3084,0,1820,15002,0,11660,752,2590,0,23105,4848,0,18257,0,1038,0,5499,7776,540,466937,0,4990,1413,227891,171843,1679,54369,60388,96,60292,6185,7608,158462,82029,452017
1958:Q1,98426,22487,13501,3703,0,1758,14742,0,11326,750,2666,0,23432,4968,0,18464,0,1038,0,5231,7951,320,470628,0,5026,1388,228164,170060,2275,55829,60800,222,60578,6192,7709,161349,83713,455915
1958:Q2,102208,21412,18386,4388,0,0,14796,0,11395,696,2705,0,23627,5076,0,18551,0,1034,0,5124,8817,125,476815,0,5047,1288,231548,173354,1222,56972,61154,347,60807,6203,7855,163720,87350,461957
1958:Q3,92724,20929,11628,4035,0,2093,14842,0,11471,648,2723,0,24082,5182,0,18900,0,1028,0,5161,4083,246,482463,0,5063,1287,233718,173914,1291,58513,61452,439,61013,6219,8138,166586,77713,467452
1958:Q4,96820,20582,12261,3916,0,1417,14964,0,11627,600,2737,0,24761,5470,0,19291,0,1028,0,5222,7815,461,494683,0,5078,1220,242513,181096,1598,59819,61530,532,60998,6241,8517,169584,81606,479469
1959:Q1,96635,20486,12894,3909,0,204,15157,0,11848,564,2745,0,25535,5955,0,19580,0,1031,0,5261,7386,489,498407,0,5090,1186,243829,181118,1314,61397,61501,581,60920,6268,8714,171819,81167,482939
1959:Q2,99336,19746,13997,3978,0,0,15491,0,12165,579,2747,0,26396,6446,0,19950,0,1034,0,5373,8139,452,501977,0,5123,1127,245727,182046,1026,62655,61568,632,60936,6299,8818,173315,83486,486127
1959:Q3,99653,19579,15113,3497,0,998,15706,0,12375,593,2738,0,26923,6810,0,20113,0,1027,0,5450,6228,461,510524,0,5153,1075,252081,186548,939,64594,61492,739,60753,6327,9032,175364,83559,494430
1959:Q4,100014,19507,14590,3464,0,576,16104,0,12842,548,2714,0,27072,6995,0,20077,0,1029,0,5597,7132,472,517562,0,5155,1031,256758,190148,949,65661,61118,847,60271,6350,9484,177666,83423,500971
1960:Q1,99410,19457,14832,3628,0,154,16471,0,13200,583,2688,0,27326,6971,0,20355,0,1029,0,5783,5770,463,519700,0,5184,975,254677,186451,978,67248,61172,947,60225,6371,9911,181410,82449,502739
1960:Q2,102032,19363,17669,4038,0,0,16823,0,13511,638,2674,0,27660,7058,0,20602,0,1111,0,5793,4516,469,522960,0,5198,917,253631,184325,953,68353,61826,1049,60777,6389,10030,184969,84676,505604
1960:Q3,103679,18725,17610,4316,0,155,17260,0,13775,797,2688,0,27940,7200,0,20740,0,1115,0,5873,5575,501,529743,0,5219,873,256546,186230,392,69924,62067,1150,60917,6406,10344,188288,85966,512030
1960:Q4,102383,17804,15620,4819,0,-176,17573,0,13739,1087,2747,0,28260,7382,0,20878,0,1194,0,6004,6166,523,536758,0,5242,844,260009,188350,688,70971,62274,1252,61022,6426,10860,191103,84657,519032
1961:Q1,99222,17433,13255,5183,0,92,17710,0,13581,1323,2806,0,28942,7528,0,21414,0,1194,0,6003,4233,559,540092,0,5253,803,259042,185688,934,72420,62809,1306,61503,6447,11193,194545,81545,522415
1961:Q2,101178,17603,15189,5554,0,93,17899,0,13946,1129,2824,0,28860,7689,0,21171,0,1198,0,6042,3361,537,545834,0,5281,774,259900,185994,656,73250,63785,1360,62425,6469,11203,198422,83005,527661
1961:Q3,107075,17457,16968,5542,0,587,18108,0,13790,1511,2807,0,29667,7891,0,21776,0,1187,0,6211,5610,502,557240,0,5406,743,266495,191041,436,75018,64233,1417,62816,6493,11602,202268,89037,539202
1961:Q4,107379,16947,15493,5749,0,3,18320,0,14002,1555,2763,0,30189,8098,0,22091,0,1359,0,6297,7518,508,566630,0,5429,720,271550,194206,995,76349,64441,1474,62967,6519,12114,205857,89148,548399
1962:Q1,107357,16643,15697,6377,0,156,18260,0,13976,1572,2712,0,30951,8214,0,22737,0,1360,0,6309,6304,515,570805,0,5432,677,273633,194302,1294,78037,64887,1554,63333,6548,12164,207464,89118,552566
1962:Q2,111417,16527,19393,6641,0,277,18524,0,14220,1625,2679,0,31599,8274,0,23325,0,1362,0,6408,5529,461,575085,0,5442,648,274559,194009,1347,79203,65993,1635,64358,6579,12477,209387,92806,556474
1962:Q3,111568,16082,18007,6385,0,1137,18936,0,14581,1713,2642,0,31804,8336,0,23468,0,1351,0,6652,6321,420,579192,0,5394,620,276201,194901,748,80552,66258,1683,64575,6612,12910,211197,92581,560205
1962:Q4,112857,16057,16628,6719,0,516,19597,0,15157,1867,2573,0,32423,8421,0,24002,0,1475,0,6849,7686,381,589383,0,5411,601,283092,199754,1538,81800,66722,1734,64988,6644,13594,213319,93157,569683
1963:Q1,113975,15946,17054,7569,0,65,20180,0,16107,1580,2493,0,33160,8426,0,24734,0,1477,0,7171,6321,405,595541,0,5422,575,284542,199827,1739,82976,67235,1759,65476,6677,13784,217306,93344,574910
1963:Q2,118865,15830,21171,7720,0,63,20516,0,16398,1684,2434,0,33318,8131,0,25187,0,1486,0,7495,5972,380,601270,0,5431,551,285307,199094,1489,84724,68792,1786,67006,6711,13857,220621,97981,580386
1963:Q3,118763,15634,18050,7708,0,1081,20843,0,16966,1491,2386,0,33537,8116,0,25421,0,1473,0,7600,7559,377,606652,0,5432,523,286168,199333,936,85899,68996,1790,67206,6744,14314,224475,97257,585146
1963:Q4,119531,15596,17137,8353,0,-639,21079,0,16314,2431,2334,0,34145,8219,0,25926,0,1482,0,7798,9319,328,616469,0,5422,508,290618,202211,1367,87040,69633,1796,67837,6775,15066,228447,98680,595618
1964:Q1,120468,15550,18874,8621,0,-723,21088,0,16504,2303,2281,0,34907,8287,0,26620,0,1468,0,7794,7914,286,622173,0,5423,491,291933,202520,1236,88177,69701,1793,67908,6803,15254,232568,99484,601189
1964:Q2,123397,15623,20665,8937,0,91,21279,0,16446,2590,2243,0,35609,8290,0,27319,0,1519,0,7923,6920,279,627367,0,5422,473,292117,200805,1364,89948,70912,1787,69125,6827,15212,236404,102434,606404
1964:Q3,125556,15643,19958,9127,0,458,21786,0,16793,2768,2225,0,36458,8345,0,28113,0,1475,0,8229,7753,293,637025,0,5397,455,296438,203501,1177,91760,71390,1805,69585,6851,15702,240792,104166,615635
1964:Q4,126645,15471,18893,10084,0,-1542,22500,0,17333,2944,2223,0,37157,8397,0,28760,0,1529,0,8574,9023,309,648222,0,5249,436,302149,206767,2222,93160,71784,1826,69958,6879,16409,245316,104625,626202
1965:Q1,128263,14638,20019,10710,0,-603,22834,0,17597,3016,2221,0,37960,8413,0,29547,0,1529,0,8673,7843,270,653924,0,5234,411,303143,206174,2308,94661,72295,1850,70445,6910,16741,249190,105922,631583
1965:Q2,132523,14308,22912,10833,0,273,23297,0,17987,3103,2207,0,38684,8348,0,30336,0,1524,0,8968,6547,282,658276,0,5256,388,301796,202972,1966,96858,73547,1876,71671,6944,17127,253218,109674,635427
1965:Q3,131381,14184,18323,11299,0,1019,24035,0,18760,3086,2189,0,39213,8424,0,30789,0,1519,0,9387,7604,319,665004,0,5316,371,302625,201452,2268,98905,74012,1861,72151,6979,17741,257960,107713,641336
1965:Q4,134075,14065,16901,12436,0,-318,24836,0,19524,3145,2167,0,40253,8567,0,31686,0,1519,0,9725,9749,307,678432,0,5419,352,310092,207025,2670,100397,74334,1845,72489,7013,18362,262860,109607,653964
1966:Q1,135574,13738,17189,12494,0,15,25141,0,19835,3165,2141,0,41487,8827,0,32660,0,1571,0,9946,8998,309,686451,0,5580,332,311912,206960,3110,101842,74557,1830,72727,7042,18719,268309,110775,661652
1966:Q2,140235,13529,23787,12874,0,361,25434,0,20346,2969,2119,0,42181,9086,0,33095,0,1609,0,10243,5270,374,691217,0,5822,216,309181,200411,4629,104141,76425,1815,74610,7070,19192,273311,114860,665842
1966:Q3,138935,13356,18372,12991,0,2282,25514,0,20248,3154,2112,0,43690,9422,0,34268,0,1623,0,10939,5338,377,700694,0,5930,164,312027,202581,3922,105524,76634,1800,74834,7096,19848,278995,113368,675127
1966:Q4,140590,13235,17061,13682,0,1466,25938,0,20097,3716,2125,0,44336,9779,0,34557,0,1513,0,11615,6931,452,715063,0,6161,135,318796,208138,4025,106633,77342,1783,75559,7120,20680,284829,114964,689437
1967:Q1,142773,13184,18105,15250,0,177,26091,0,20115,3843,2133,0,45939,9975,0,35964,0,1546,0,11980,5906,457,724996,0,6348,99,322964,209601,5489,107874,76898,1770,75128,7144,20989,290554,117111,699334
1967:Q2,138749,13169,19272,15938,0,369,26002,0,20003,3863,2136,0,46789,10100,0,36689,0,1563,0,12691,-1638,498,727040,0,6456,83,317275,199980,7100,110195,77995,1755,76240,7168,21826,296237,113146,701437
1967:Q3,148649,13077,19087,15718,0,1559,25811,0,20033,3651,2127,0,48258,10440,0,37818,0,1643,0,13205,5729,468,743814,0,6604,44,327528,208290,6919,112319,78369,1738,76631,7188,22256,301825,122919,718084
1967:Q4,151155,12065,18952,16159,0,1429,25885,0,19742,4018,2125,0,49019,10820,0,38199,0,1684,0,13661,7818,452,761116,0,6628,25,338872,216899,8180,113793,78862,1720,77142,7200,23019,306510,125709,735670
1968:Q1,155005,10703,17588,16710,0,2242,26498,0,19320,5093,2085,0,50616,11262,0,39354,0,1724,0,13808,10425,471,775996,0,6799,0,345929,222114,8537,115278,79069,1702,77367,7202,23183,313814,129964,750955
1968:Q2,154320,10681,18089,16843,0,1440,27583,0,19303,6136,2144,0,51542,11659,0,39883,0,1778,0,14273,6478,464,783050,0,6708,0,344075,217294,9458,117323,80751,1684,79067,7194,23494,320828,129038,757768
1968:Q3,161179,10755,19409,17782,0,2846,28700,0,19514,7037,2149,0,52977,12076,0,40901,0,1632,0,14697,6834,400,801116,0,6741,0,353785,223989,10477,119319,80818,1670,79148,7186,24017,328569,135638,775575
1968:Q4,161113,10892,15885,19478,0,491,29655,0,19926,7558,2171,0,54029,12456,0,41573,0,1512,0,15183,8650,367,815509,0,6795,0,359151,225679,11340,122132,81193,1654,79539,7186,24874,336310,135023,789419
1969:Q1,166183,10836,16364,18626,0,1641,30935,0,20432,8308,2195,0,55211,12750,0,42461,0,1534,0,15692,10229,324,828444,0,6826,0,362907,225552,11552,125803,81407,1635,79772,7197,25027,345080,139426,801687
1969:Q2,163804,11153,17820,17042,0,2978,31288,0,20956,8080,2252,0,56302,13084,0,43218,0,1589,0,16376,3715,302,829110,0,6736,0,353982,213596,11043,129343,82545,1610,80935,7217,25501,353129,136391,801697
1969:Q3,167996,11164,18081,13872,0,6757,31967,0,21751,7961,2255,0,57528,13412,0,44116,0,1639,0,17009,4463,289,845353,0,6761,0,361270,219837,9379,132054,82856,1598,81258,7239,25851,361376,139719,817076
1969:Q4,170937,11859,19560,13431,0,3990,32855,0,23007,7612,2236,0,58922,13883,0,45039,0,1696,0,17341,5387,257,861776,0,6848,0,367280,224726,9036,133518,83560,1573,81987,7252,26820,370016,140955,831794
1970:Q1,176301,12823,20004,15114,0,2985,33346,0,23963,7175,2208,0,60243,14396,0,45847,0,1762,0,17156,6360,256,879492,867,6900,0,371709,227467,8584,135658,83185,1556,81629,7321,27177,382333,145432,848623
1970:Q2,173173,12846,22292,17350,0,566,33410,0,24366,6750,2294,0,61055,14635,0,46420,0,1812,0,17155,286,258,890151,867,6986,0,368872,221776,8098,138998,84806,1532,83274,7333,27176,394111,141941,858919
1970:Q3,176511,12485,20592,20256,0,1622,32435,0,23868,6271,2296,0,62007,14849,0,47158,0,1860,0,17160,2193,229,910349,867,7074,0,378777,229196,7999,141582,85163,1506,83657,7344,27617,403507,145581,879419
1970:Q4,177812,11923,21487,23688,0,-1102,30507,0,22940,5183,2384,0,62723,15102,0,47621,0,1929,0,17186,3339,217,933716,867,7149,0,391238,237659,8078,145501,86106,1498,84608,7358,27969,413029,147672,903576
1971:Q1,178994,12406,18514,26659,0,-1691,28413,0,22010,4040,2363,0,63477,15319,0,48158,0,1964,0,16821,6588,206,954212,1584,7270,0,396413,239296,7371,149746,87334,1484,85850,7375,28549,425687,149712,924930
1971:Q2,180349,11754,23103,26738,0,161,27522,0,21890,3301,2331,0,64507,15435,0,49072,0,2013,0,16099,2943,255,974830,1584,7420,0,402314,241212,7136,153966,89113,1463,87650,7393,28752,438254,151287,945768
1971:Q3,186180,11304,23545,27456,0,2026,27283,0,21848,3150,2285,0,65349,15693,0,49656,0,2112,0,16086,6256,325,1002186,1584,7547,0,414527,249957,6695,157875,90178,1445,88733,7412,29272,451666,156957,972963
1971:Q4,192189,11400,25890,30904,0,-723,27748,0,22587,3029,2132,0,65927,15801,0,50126,0,2176,0,16411,7699,308,1032204,1720,7627,0,429986,261392,7028,161566,91506,1426,90080,7429,29240,464696,162289,1002304
1972:Q1,196318,11627,21978,32320,0,43,28522,0,23279,3239,2004,0,67085,16222,0,50863,0,2220,0,16438,11443,333,1056099,2491,7895,0,437396,264601,7114,165681,92439,1401,91038,7459,29583,478836,165587,1025368
1972:Q2,197072,12448,24689,33602,0,229,29508,0,23584,4200,1724,0,67611,16580,0,51031,0,2289,0,16651,5445,335,1070901,2491,8066,0,433960,257796,7099,169065,95050,1383,93667,7498,29771,494065,166619,1040448
1972:Q3,204487,12445,23610,34010,0,2476,30975,0,24150,4888,1937,0,68766,16756,0,52010,0,2337,0,16984,8477,290,1095686,2491,8200,0,441587,261550,7561,172476,96149,1362,94787,7540,30645,509074,173129,1064328
1972:Q4,212520,12445,26717,37767,0,-832,33062,0,24896,6333,1833,0,69163,16495,0,52668,0,2447,0,17046,10528,206,1126181,2491,8313,0,455539,272428,7927,175184,97921,1340,96581,7581,31976,522360,180265,1093926
1973:Q1,224733,12662,26732,40919,0,-342,35186,0,25424,7704,2058,0,70427,16612,0,53815,0,2537,0,17440,14877,208,1146750,2767,8420,0,466937,279503,8188,179246,97856,1318,96538,7624,32400,530746,192454,1114471
1973:Q2,223844,12653,27956,41464,0,4,37357,0,25889,9415,2053,0,70075,15825,0,54250,0,2613,0,18534,8856,215,1153034,2767,8531,0,462422,272356,7771,182295,100835,1300,99535,7671,33145,537663,191347,1120537
1973:Q3,228108,12653,21149,43327,0,1710,39313,0,26152,11199,1962,0,72508,17231,0,55277,0,2716,0,19104,11307,235,1161760,2767,8614,0,464368,270401,8213,185754,101333,1284,100049,7717,34082,542879,195023,1128675
1973:Q4,241621,13818,25859,44824,0,501,41091,0,26065,12964,2062,0,73539,17606,0,55933,0,2820,0,20147,14110,178,1184912,2767,8716,0,474570,276350,8357,189863,102038,1269,100769,7756,35537,553528,208578,1151869
1974:Q1,246382,13818,22268,46551,0,2753,42747,0,26102,14601,2044,0,72428,17985,0,54443,0,2917,0,20632,17022,118,1206232,2767,8813,0,481079,278582,8714,193783,102457,1249,101208,7789,36007,567320,213262,1173112
1974:Q2,246992,13847,25899,48157,0,47,44091,0,25809,15834,2448,0,74423,19324,0,55099,0,3059,0,21586,11003,144,1221871,2767,8924,0,478321,271853,8685,197783,106854,1227,105627,7816,36952,580237,213954,1188833
1974:Q3,256037,13934,22444,47961,0,3454,45205,0,26258,16412,2535,0,77680,21184,0,56496,0,3141,0,22554,14271,176,1250084,2723,9069,0,461626,251769,8477,201380,130991,1196,129795,7842,38333,599500,222071,1216118
1974:Q4,257453,14026,21404,50564,0,-1257,45153,0,26523,16044,2586,0,83425,23839,0,59586,0,3357,0,19107,16053,124,1278232,2809,9252,0,472731,261883,8227,202621,131939,1163,130776,7871,39805,613825,222752,1243531
1975:Q1,262231,14043,20875,49315,0,963,45880,0,26991,16327,2562,0,86253,24656,0,61597,0,3509,0,18983,16547,109,1316734,2862,9453,0,490221,278231,7934,204056,135409,1159,134250,9015,44715,625059,226990,1281493
1975:Q2,262622,14038,24256,48711,0,13,46812,0,26734,17610,2468,0,90813,27225,0,63588,0,3628,0,19696,8828,94,1350075,2836,9687,0,509635,294758,7885,206992,140778,1117,139661,9394,46234,631511,227742,1315195
1975:Q3,276166,13900,24321,47868,0,2070,48888,0,27183,18506,3199,0,94794,29531,0,65263,0,3828,0,20762,13912,92,1394562,2671,9934,0,535614,319044,7876,208694,139012,1100,137912,9433,48065,649833,239991,1358387
1975:Q4,283894,13934,24779,48685,0,-2040,50958,0,27783,18206,4969,0,98454,31955,0,66499,0,4011,0,21686,17609,52,1439811,2685,10218,0,565204,343752,7874,213578,140081,1073,139008,10152,49234,662237,245361,1401278
1976:Q1,297586,13950,21169,50066,0,-1230,55130,0,30610,18389,6131,0,102834,32586,0,70248,0,4166,0,21554,24149,11,1474704,2653,10403,0,590761,365380,8406,216975,142743,1051,141692,10053,52016,666075,252805,1429923
1976:Q2,303415,13914,30271,47268,0,683,56806,0,31077,18729,7000,0,102734,31918,0,70816,0,4530,0,22530,18333,114,1499813,2629,10558,0,606813,372629,8448,225736,149740,1029,148711,10387,54024,665662,257605,1454003
1976:Q3,318226,13955,31395,48106,0,1092,59629,0,32536,19745,7348,0,108488,33098,0,75390,0,4874,0,23142,20050,165,1531457,2654,10685,0,626270,388895,8733,228642,151163,997,150166,10440,56890,673355,268372,1481603
1976:Q4,350023,39339,27656,50943,0,-1715,63481,0,35781,20359,7341,0,112313,33625,0,78688,0,5112,0,23866,23583,141,1561718,2665,10820,0,641178,402836,8329,230013,156364,982,155382,10751,59357,680583,294624,1506319
1977:Q1,365018,43316,23094,53490,0,-1224,67836,0,36802,23950,7084,0,116244,33997,0,82247,0,5297,0,24020,27103,145,1599747,2659,10939,0,656540,417402,8175,230963,158796,949,157847,10803,61697,698313,306149,1540878
1977:Q2,370046,41720,31832,52682,0,46,72365,0,40594,24830,6941,0,119137,34978,0,84159,0,5524,0,24428,16422,76,1621299,2674,11081,0,661619,413050,8097,240472,161593,919,160674,10970,63662,709700,307208,1558461
1977:Q3,396427,44809,33621,55002,0,748,78094,0,44335,26402,7357,0,126336,36548,0,89788,0,5767,0,25315,21123,6,1662408,2669,11206,0,681867,429469,7599,244799,172471,894,171577,11069,65709,717417,325856,1591837
1977:Q4,409539,48410,28366,58060,0,-1960,82078,0,47453,26705,7920,0,132081,38362,0,93719,0,5982,0,25448,25304,-13,1700475,2787,11331,0,701589,445890,7556,248143,177182,869,176313,11422,66754,729410,332234,1623170
1978:Q1,431712,53125,20562,62026,0,-1342,89239,0,52265,28415,8559,0,139439,39428,0,100011,0,6274,0,27043,29805,-16,1748164,2837,11441,0,724532,461467,7233,255832,181426,845,180581,11475,68935,747518,346072,1662524
1978:Q2,448953,52744,33031,61825,0,42,95875,0,54489,33040,8346,0,145567,40869,0,104698,0,6416,0,28375,19914,33,1776803,2843,11565,0,738044,462538,7136,268370,182568,818,181750,11781,70721,759281,360542,1688392
1978:Q3,488269,62603,37009,64546,0,492,101700,0,58951,34581,8168,0,155149,43381,0,111768,0,6608,0,29240,25754,108,1816503,2939,11683,0,759240,474270,6584,278386,192385,792,191593,11848,73033,765375,392975,1721209
1978:Q4,507797,64029,32464,66208,0,4345,106093,0,59360,39495,7238,0,161777,45082,0,116695,0,6849,0,31484,31825,131,1862094,2989,11831,0,773495,478139,6221,289135,204224,772,203452,12112,75850,781593,410413,1764710
1979:Q1,523890,64709,21862,69156,0,6979,114572,0,65120,42995,6457,0,167041,48140,0,118901,0,7012,0,32172,38631,191,1898465,4077,12158,0,788688,487732,5593,295363,203601,746,202855,12094,77909,799938,421442,1796017
1979:Q2,549698,76290,33371,65910,0,11036,117753,0,64868,46504,6381,0,175171,51209,0,123962,0,7158,0,33919,26566,229,1922857,4090,12525,0,795614,487581,5146,302887,201350,705,200645,12357,80223,816698,447338,1820497
1979:Q3,604333,107227,38782,66284,0,12190,122199,0,65551,50211,6437,0,181612,54479,0,127133,0,7291,0,35382,30731,272,1963532,4175,12825,0,814398,498750,5070,310578,210099,680,209419,12359,82879,826797,501259,1860458
1979:Q4,648783,138200,32794,65258,0,13685,126995,0,60850,59357,6788,0,189708,58142,0,131566,0,7401,0,37776,35136,188,2007880,4173,13091,0,836596,516104,4938,315554,211529,654,210875,12630,83382,846479,549873,1908970
1980:Q1,663144,138737,22920,67074,0,16721,126886,0,58119,61731,7036,0,197852,62664,0,135188,0,7617,0,39716,43010,209,2046318,5058,13352,0,864871,540619,4874,319378,202552,633,201919,12598,85691,862196,567365,1950539
1980:Q2,702768,178676,30071,63239,0,20302,126537,0,58847,60336,7354,0,206651,67265,0,139386,0,7788,0,40216,26526,154,2067701,5353,13523,0,884245,553831,4685,325729,197181,601,196580,12842,87793,866764,606158,1971091
1980:Q3,738496,185482,36717,62142,0,23330,131233,0,64357,59467,7409,0,214638,71279,0,143359,0,8075,0,42056,31439,128,2113547,5305,13653,0,919249,582379,4573,332297,206401,572,205829,12860,89842,866237,635962,2011013
1980:Q4,726236,158426,29217,63307,0,22064,136201,0,69472,59721,7008,0,222760,75430,0,147330,0,8196,0,44308,36920,122,2156173,5155,13832,0,950972,609679,4445,336848,205646,550,205096,13195,91539,875834,618320,2048257
1981:Q1,736931,143088,30170,65286,0,23083,141599,0,74161,60564,6874,0,232236,79002,0,153234,0,8391,0,46215,42589,221,2221782,6019,14004,0,992357,646299,4391,341667,200668,520,200148,13163,94553,901018,624593,2109444
1981:Q2,708874,118208,29242,62372,0,21677,149675,0,80335,62628,6712,0,241545,82779,0,158766,0,8714,0,47512,24832,270,2248577,5637,14158,0,997250,646256,4232,346762,200489,493,199996,13497,96133,921413,590047,2129750
1981:Q3,729144,120926,34133,62946,0,22340,156897,0,83719,66253,6925,0,248109,85266,0,162843,0,9030,0,48202,20293,332,2303058,5608,14313,0,1028452,668124,4170,356158,207861,465,207396,13473,97424,935927,606821,2180735
1981:Q4,722681,109739,28955,65533,0,18548,161559,0,85335,69085,7139,0,253852,88051,0,165801,0,9338,0,49184,19343,205,2365048,5703,14482,0,1073053,705719,4104,363230,206659,441,206218,13833,98400,952918,598403,2240770
1982:Q1,717961,92994,28408,70276,0,16457,166886,0,93525,65763,7598,0,258350,89758,0,168592,0,9551,0,49902,18299,188,2432409,5454,14637,0,1113123,738577,3506,371040,204152,415,203737,13868,101071,980104,584610,2299058
1982:Q2,717783,89681,27898,69076,0,17950,173971,0,102120,64250,7601,0,264999,91812,0,173187,0,9836,0,51655,4863,172,2481443,5351,14777,0,1136202,749688,3485,383029,204678,383,204295,14232,104583,1001620,575076,2338736
1982:Q3,784713,112883,44398,71263,0,19016,176738,0,99211,69922,7605,0,271819,93166,0,178653,0,10093,0,51943,18766,245,2568251,5254,14912,0,1206608,809587,3443,393578,214377,353,214024,14242,107752,1005106,644664,2428202
1982:Q4,805911,125885,34903,72012,0,21192,178155,0,100592,70180,7383,0,278008,95654,0,182354,0,10345,0,55324,21373,196,2658570,5405,15043,0,1276684,869350,3351,403983,218119,322,217797,14679,109834,1018806,662465,2515124
1983:Q1,812855,117235,29295,72865,0,22818,183298,0,105040,70582,7551,125,282305,96832,0,185473,0,10760,0,55929,27687,145,2735136,5285,15213,0,1340538,925470,3387,411681,215115,307,214808,14707,111795,1032483,663091,2585372
1983:Q2,840575,117375,43721,69041,0,27349,185704,0,107143,71057,7254,250,293957,99491,0,194466,0,10985,0,57468,23579,429,2809849,5234,15392,0,1397870,966482,3344,428044,223605,275,223330,15112,115471,1037165,682718,2651992
1983:Q3,856593,113812,50156,67694,0,34251,186097,0,107744,70347,7506,500,300091,101745,0,198346,0,11334,0,57937,23645,530,2891881,5178,15568,0,1452925,1010312,3320,439293,239620,261,239359,15164,118973,1044453,695540,2730828
1983:Q4,845373,105509,26573,68094,0,35810,191502,0,112493,70054,7955,1000,305708,104760,0,200948,0,11714,0,60589,26952,294,2961419,5130,15732,0,1498268,1044748,3311,450209,243621,241,243380,15637,121959,1061072,677295,2793341
1984:Q1,881637,110192,30547,67009,0,39990,197334,0,115460,71639,8454,1781,311034,106856,0,204178,0,12038,0,62600,37248,443,3046451,5214,15889,0,1556379,1092278,3274,460827,242799,204,242595,15723,126429,1084018,708960,2873774
1984:Q2,891683,106296,33366,67017,0,43165,202966,0,119641,71707,8743,2875,318399,109882,0,208517,0,12349,0,66210,27394,1320,3116424,5052,16113,0,1601676,1121406,3262,477008,248507,180,248327,16177,130970,1097929,712359,2937100
1984:Q3,928994,98773,47193,70690,0,51285,208674,0,120545,75416,8682,4031,325767,111657,0,214110,0,12725,0,67822,30546,2166,3199267,4895,16237,0,1668918,1172606,3255,493057,264995,152,264843,16230,134719,1093273,746446,3016719
1984:Q4,933318,86843,37587,72030,0,56450,210191,0,121603,74572,9016,5000,340645,115862,0,224783,0,13140,0,68781,32527,1698,3293644,4803,16418,0,1730978,1232741,3244,494993,279113,141,278972,16721,136940,1108671,739668,3099994
1985:Q1,981543,94638,30705,78093,0,62069,227909,0,128528,84887,8650,5844,352212,118119,0,234093,0,13475,0,71035,36997,1277,3384462,4857,16588,0,1796457,1277088,3230,516139,288357,116,288241,16757,142047,1119399,775559,3178478
1985:Q2,1015026,91065,44688,76289,0,70920,240408,0,136664,88968,8151,6625,364022,120752,0,243270,0,13815,0,73507,25730,1692,3479702,4891,16783,0,1852723,1310253,3221,539249,308286,96,308190,17226,147097,1132696,791964,3256640
1985:Q3,1054904,93655,36385,77903,0,77950,241529,0,134169,90871,9145,7344,385091,123932,0,261159,0,14151,0,74848,37565,2847,3586264,5191,16924,0,1915246,1348328,3215,563703,332095,83,332012,17282,152125,1147401,823275,3354635
1985:Q4,1162916,93127,51155,80463,0,80556,293848,0,171160,105083,9605,8000,412388,127511,0,284877,0,14441,0,76235,39668,7689,3772256,5382,17052,0,2080243,1425915,3217,651111,359702,72,359630,17829,156329,1135719,867821,3477161
1986:Q1,1162233,95536,29890,83111,0,81362,296120,0,174755,102965,9822,8578,420082,132124,0,287958,0,14649,0,73707,46540,7946,3829502,5577,17207,0,2118026,1461722,3163,653141,359176,61,359115,17859,160726,1150931,862264,3529533
1986:Q2,1204421,99897,47016,81255,0,83252,309292,0,194475,95669,10086,9062,434223,134779,0,299444,0,15043,0,74689,37128,9176,3936264,5770,17330,0,2175391,1488154,3165,684072,389607,52,389555,18355,168062,1161749,874590,3606433
1986:Q3,1256512,121823,50554,79665,0,89866,312309,0,190209,102273,10312,9515,442747,136877,0,305870,86,15758,0,74599,46955,9990,4051179,5945,17438,0,2256931,1553259,3559,700113,392985,40,392945,18428,176378,1183074,926622,3721289
1986:Q4,1276642,110823,53210,79563,0,87638,329305,0,205227,103663,10415,10000,453955,140362,0,313593,219,15923,0,74846,49875,9382,4158416,5993,17567,0,2337166,1608685,3608,724873,422511,36,422475,18871,180461,1175847,923243,3805017
1987:Q1,1290976,121173,26445,82243,0,90319,340066,0,226292,92814,10444,10516,459331,143503,0,315828,367,16112,0,80712,52931,9245,4205527,6299,17735,0,2382623,1624673,4594,753356,430315,27,430288,18998,185236,1164321,908684,3823235
1987:Q2,1335592,129862,62439,80817,0,92142,338956,0,223205,94242,10446,11063,465822,146319,0,319503,500,16394,0,82426,46503,9655,4270094,6262,17889,0,2421714,1646764,4127,770823,444455,25,444430,19487,189028,1171259,951366,3885868
1987:Q3,1347828,130985,55328,79500,0,97656,345853,86,223789,100018,10381,11579,464564,142039,0,322525,609,16801,0,84433,49756,10538,4336355,6270,18006,0,2463408,1663907,3901,795600,463515,22,463493,20518,194021,1170617,959280,3947807
1987:Q4,1367812,137931,42802,82206,0,97453,349606,219,218286,108896,10205,12000,476327,143765,0,332562,687,17134,0,86591,50749,13261,4488125,6951,18177,0,2534454,1711632,5144,817678,489836,21,489815,20076,198027,1220604,975083,4095396
1988:Q1,1371068,132468,44829,85635,0,93931,352401,367,224149,105533,10039,12313,479729,145206,0,334523,796,17413,0,88402,58429,6518,4555081,6797,18339,0,2575833,1743989,5021,826823,494098,21,494077,20097,203310,1236607,969810,4153823
1988:Q2,1377178,126534,67838,81329,0,97598,350388,500,216499,110888,10000,12501,483408,145196,0,338212,1000,17711,0,89389,44884,7227,4608566,6421,18501,0,2600936,1755942,6952,838042,505785,22,505763,20617,208547,1247759,980439,4211827
1988:Q3,1384285,115260,71769,82488,0,101784,356248,609,208255,124609,10086,12689,475189,144534,0,330655,1297,18036,55,88354,57204,6829,4691138,6322,18637,0,2660641,1786803,12176,861662,514466,20,514446,20654,212379,1258039,1003344,4310197
1988:Q4,1383192,117071,61410,81885,0,98576,368434,687,212746,131713,10288,13000,466977,146664,0,320313,1688,18448,94,91439,59662,7424,4789708,6593,18799,0,2731000,1824433,22578,883989,531604,16,531588,21249,216800,1263663,999648,4406164
1989:Q1,1385668,113362,37851,84732,0,108021,369769,796,201494,143527,10514,13438,466958,148227,0,318731,2110,18709,211,93878,73478,7075,4881112,6334,19036,0,2771007,1856155,22284,892568,533705,15,533690,21271,222285,1307474,1009864,4505308
1989:Q2,1416550,110086,69787,82478,0,115996,381200,1000,202594,152932,10673,14001,469905,149255,0,320650,2500,18966,500,96231,55084,7651,4933570,6107,19253,0,2785328,1861784,23567,899977,544837,14,544823,21798,228691,1327556,1037890,4554910
1989:Q3,1427265,108518,62430,80757,0,123160,389423,1266,201227,161595,10771,14564,470988,150547,0,320441,2875,19280,945,96829,60793,8579,5029119,6270,19425,0,2835166,1892480,25342,917344,562482,13,562469,21790,233256,1350730,1047886,4649740
1989:Q4,1446725,115115,53978,80906,0,128316,395825,1563,205817,162629,10816,15000,477042,152246,0,324796,3250,19621,1531,98118,63597,8791,5160041,6439,19627,0,2898306,1942516,24197,931593,592579,13,592566,22406,237217,1383467,1058052,4771368
1990:Q1,1473598,109432,40691,81400,0,129613,417731,1954,237602,151991,10871,15313,488502,160834,0,327668,3625,19945,2226,99875,72199,9151,5279770,6373,19841,0,2936279,1955020,31590,949669,626464,14,626450,22402,237751,1430660,1052595,4858767
1990:Q2,1492899,106472,59026,78428,0,133209,421680,2500,240719,151960,11000,15501,500665,172811,0,327854,4000,20252,3000,101621,55669,10301,5357080,6486,20066,0,2978853,1985110,32933,960810,639555,11,639544,22950,242321,1446849,1067730,4931911
1990:Q3,1532507,118826,60460,77341,0,134664,427904,3180,246011,151795,11229,15689,513979,187627,0,326352,4375,20713,3867,102065,59576,8868,5511793,6823,20221,0,3047292,2043898,32603,970791,658248,10,658238,22985,245025,1511199,1104447,5083733
1990:Q4,1530240,113395,54351,76649,0,137868,432320,3969,249735,151033,11583,16000,513589,193074,0,320515,4750,20925,4844,98832,59192,10299,5627214,6970,20402,0,3127318,2117196,32350,977772,690872,10,690862,23594,244328,1513730,1098454,5195428
1991:Q1,1551499,106499,58795,78735,0,133505,442361,4899,256239,152905,11896,16422,520779,204095,0,316684,5125,21208,5899,96442,67654,11104,5690109,6596,20574,0,3183044,2165271,26350,991423,693386,11,693375,23655,244929,1517925,1114404,5253014
1991:Q2,1566003,109444,70369,74434,0,137111,444566,6000,255815,153813,12000,16938,530342,213303,0,317039,5500,21633,7000,96564,54296,11373,5800569,6441,20749,0,3239291,2204987,24800,1009504,707545,10,707535,24227,248902,1553414,1127765,5362331
1991:Q3,1571199,106007,57557,72093,0,137538,466358,7336,272115,157515,11907,17485,527392,216661,0,310731,5875,21974,8156,97068,54767,9941,5950926,6703,20886,0,3363850,2308289,17602,1037959,721786,10,721776,24118,252668,1560915,1119256,5498983
1991:Q4,1608823,103801,85155,66846,0,141409,477119,8969,275798,162725,11627,18000,523896,212011,0,311885,6250,22429,9375,96599,55485,13922,6091652,7008,21014,0,3477821,2390681,18556,1068584,748137,10,748127,24790,252483,1560399,1151647,5634476
1992:Q1,1605167,103561,55567,68162,0,137618,490736,10617,302227,148155,11284,18453,526164,216201,0,309963,6625,22743,10656,96562,70096,10133,6259596,6721,21135,0,3560118,2473821,15765,1070532,744895,10,744885,24674,255181,1646872,1123816,5778245
1992:Q2,1614366,104047,83123,62739,0,144878,482642,12000,273703,166627,11000,19312,525507,211646,0,313861,7000,23049,12000,95397,52960,11680,6411101,7012,21253,0,3628553,2532517,15862,1080174,759312,8,759304,25287,260164,1709520,1157803,5954538
1992:Q3,1622693,105844,94851,63292,0,144973,488319,13156,271740,172507,10751,20165,513999,204318,0,309681,7375,23430,13406,92948,55736,8690,6557842,7216,21338,0,3717968,2606080,18119,1093769,774503,8,774495,25454,263054,1748309,1172682,6107831
1992:Q4,1577610,95671,69866,58135,0,143053,485074,14125,264645,174902,10502,20900,505676,200026,0,305650,7750,23856,14875,93032,57970,10641,6673475,6737,21447,0,3787021,2683010,18786,1085225,799205,8,799197,26229,264028,1768808,1139063,6234928
1993:Q1,1586652,99585,59152,61801,26,147047,491472,15036,282428,161627,10257,22124,498053,195635,0,302418,8128,24079,16412,92508,71989,3274,6769885,6848,21573,0,3859848,2737390,19576,1102882,795790,8,795782,26232,268821,1790773,1132587,6315820
1993:Q2,1614995,110926,100940,57799,53,145255,504773,16011,288608,166518,10007,23629,489972,187122,0,302850,8506,24359,18013,91559,49451,270,6892446,6877,21705,0,3935824,2786667,20596,1128561,815972,8,815964,26872,274119,1811077,1153947,6431398
1993:Q3,1605760,104780,93084,58382,105,147749,504250,16989,271637,180726,9759,25139,481150,182792,0,298358,8891,24606,19676,92619,54815,2003,6971920,6949,21866,0,3997580,2829297,24654,1143629,830001,7,829994,26941,279910,1808673,1165476,6531636
1993:Q4,1612912,111595,92368,55831,158,154787,500578,17901,271252,175367,9503,26555,470863,179436,353,291074,9286,24999,21391,94245,60511,4008,7090358,6730,22095,0,4082378,2911911,26585,1143882,854995,6,854989,27622,281988,1814550,1173549,6650995
1994:Q1,1610402,114866,86102,58754,211,150898,498355,18882,273693,168599,9254,27927,455889,174922,350,280617,9673,25221,23185,93252,75012,6017,7203816,6921,22318,0,4131726,2964629,26259,1140838,845912,6,845906,27628,286368,1882943,1172801,6766215
1994:Q2,1590077,113576,92882,55924,316,147691,501508,20082,269710,173359,9037,29320,452493,174777,354,277362,10041,25583,25103,94287,49307,8033,7249569,7096,22528,0,4127265,2971742,27438,1128085,854858,6,854852,28307,291363,1918152,1158710,6818202
1994:Q3,1587076,116109,75268,57278,421,140718,508284,21575,262184,184965,8844,30716,449823,177275,558,271990,10376,25979,27255,94999,55743,11725,7299677,7189,22779,0,4155295,3011491,28162,1115642,866204,6,866198,28405,294924,1924881,1168975,6881576
1994:Q4,1587851,110149,69905,58490,527,140057,490108,22440,239010,187873,8667,32118,457579,174446,6865,276268,10670,26429,29298,95908,60899,25104,7374392,7153,22994,0,4198765,3074079,26743,1097943,886557,6,886551,28890,297780,1932253,1198000,6984541
1995:Q1,1612799,117223,55603,63907,597,135944,503305,24204,229311,207483,8507,33800,448062,174732,6874,266456,11005,26741,31595,96324,84770,22148,7423449,7646,23226,0,4257186,3147620,26436,1083130,870423,6,870417,28940,300452,1935576,1242408,7053058
1995:Q2,1623514,115448,100957,61649,792,128564,467743,26447,194472,202344,8385,36095,442818,172545,6211,264062,11544,27018,33791,96395,54254,63658,7441168,7686,23490,0,4273964,3172695,26838,1074431,880510,6,880504,29371,304023,1922124,1289881,7107535
1995:Q3,1610071,114314,79486,63754,835,132086,447230,35286,192952,174033,7269,37690,433784,170528,7166,256090,20246,27421,34751,97196,60381,77991,7438730,7380,23760,0,4275155,3199633,26940,1048582,888672,6,888666,29445,307970,1906348,1286265,7114924
1995:Q4,1576982,112316,65084,67363,960,141654,425455,39850,187608,153361,5178,39458,412682,168671,9182,234829,26739,27947,35430,100383,60095,80418,7483208,7283,24003,0,4313091,3247828,28223,1037040,885634,6,885628,29909,310539,1912749,1270044,7176270
1996:Q1,1615901,117831,62969,72596,1011,160769,431736,42308,189523,152530,4109,43266,412294,165812,11536,234946,31055,28385,36221,101257,83024,55555,7559888,7159,24269,0,4386746,3326813,27643,1032290,883434,6,883428,30001,315285,1912994,1315964,7259951
1996:Q2,1615592,113478,82937,75618,1004,168664,441461,51074,187769,151312,4854,46452,415580,165914,13039,236627,36950,28762,39602,102287,54884,33356,7553801,7072,24520,0,4364471,3302754,28205,1033512,895832,5,895827,30609,321224,1910073,1314755,7252964
1996:Q3,1626321,112020,85813,76387,1020,165450,418026,54801,170209,139557,4618,48841,414501,165609,15529,233363,41521,29195,41007,103076,62495,58284,7603005,7052,24744,0,4386370,3344692,27437,1014241,907320,4,907316,30648,326559,1920312,1345187,7321871
1996:Q4,1637984,107010,78937,77227,1083,168927,391088,60479,157802,117763,4701,50343,419100,167041,17671,234388,47524,29781,41582,106894,69220,82075,7647178,7045,24966,0,4435071,3387118,26613,1021340,934201,2,934199,30526,329879,1885490,1369362,7378556
1997:Q1,1681385,104708,78005,80505,1180,170078,374613,66304,145402,110470,4493,47944,428434,165793,20512,242129,50261,30208,41125,107655,92122,108130,7736344,6795,25157,0,4483477,3433093,26258,1024126,932140,0,932140,31236,333064,1924475,1416480,7471439
1997:Q2,1702120,100265,98378,80062,1234,168054,383790,68020,137364,123331,4605,50470,433479,166697,22885,243897,61006,30619,39384,109729,60248,121317,7598956,6801,25274,0,4425181,3361985,26319,1036877,943269,0,943269,31787,336903,1829741,1442215,7339051
1997:Q3,1798164,100266,89946,82465,1328,170972,364261,72317,125217,111907,4061,50759,444926,166912,25614,252400,71464,31034,36428,108246,133217,148850,7567509,6689,25402,0,4440714,3369532,26089,1045093,962653,0,962653,31763,339185,1761103,1546489,7315834
1997:Q4,1809974,85956,84438,84176,1407,169177,365272,75173,117064,117265,3962,51808,459127,168244,27635,263248,79669,31370,34169,109997,131106,155520,7657725,6611,25543,0,4481501,3388018,26526,1066957,1001937,0,1001937,32263,341084,1768786,1554879,7402630
1998:Q1,1898851,91035,77145,89394,1484,177678,350024,80541,100589,111995,3556,53343,479062,168964,31397,278701,88981,31755,30989,112905,156564,193281,7629002,6545,25664,0,4512029,3399328,25918,1086783,1005891,0,1005891,32443,344458,1701972,1645592,7375743
1998:Q2,1957721,89972,124838,90671,1704,172355,379999,79250,105362,134884,3054,57449,498956,170119,33586,295251,95633,32199,33513,113158,121893,183463,7612882,6524,25786,0,4438783,3302345,25558,1110880,1032603,0,1032603,33096,348267,1727823,1684253,7339414
1998:Q3,1959775,89914,86973,93100,1861,171480,397601,82315,109507,143243,3099,59437,510047,169818,36992,303237,85995,32612,26934,116187,130772,194599,7797664,6719,25991,0,4405433,3265085,25455,1114893,1056181,0,1056181,33099,353014,1917227,1672393,7510282
1998:Q4,1992286,85894,66799,99872,4201,180226,440097,90519,120421,160714,3331,65112,516034,177356,36516,302162,102777,32950,35602,118509,125805,159164,7708289,6899,26270,0,4454186,3292049,28501,1133636,1084653,0,1084653,33555,354433,1748293,1693127,7409130
1999:Q1,2057318,85140,69481,102539,4298,176909,463948,94835,126163,171568,3412,67970,522532,178212,40636,303684,102772,33344,35430,122191,152399,160914,7752285,6653,26638,0,4479275,3298489,28118,1152668,1075695,0,1075695,33724,360414,1769886,1750176,7445143
1999:Q2,2089983,80617,103107,105070,4374,174998,486179,98797,131435,181906,3476,70565,530432,178694,42787,308951,102189,33800,35053,124456,132550,153482,7625665,6545,27004,0,4380356,3187031,28268,1165057,1089262,0,1089262,34398,368475,1719625,1772283,7307965
1999:Q3,2162843,90684,104845,108989,4449,174699,508812,102821,136789,192466,3541,73195,564070,212395,46457,305218,101505,34129,34634,127194,135523,151000,7760251,6799,27457,0,4367802,3172959,28276,1166567,1099692,0,1099692,34455,375694,1848352,1844260,7441668
1999:Q4,2222538,86286,134697,114233,4605,175780,541478,108844,144801,206927,3671,77235,558837,215102,47988,295747,102545,34401,34794,127801,140674,145812,7675592,6725,28013,0,4421900,3221095,28284,1172521,1124109,0,1124109,34956,383095,1676794,1899848,7352902
2000:Q1,2235924,85529,92118,118299,4688,173695,566193,113239,150648,218456,3742,80108,558805,214614,52264,291927,101804,34731,34339,132113,169464,143921,7661912,6599,29003,0,4405565,3201973,27768,1175824,1105188,0,1105188,35248,395349,1684960,1911139,7337127
2000:Q2,2234081,88833,104982,121227,4732,170282,586740,116785,155366,228434,3782,82373,557505,213892,54105,289508,100168,35128,33577,134438,140650,137974,7585240,6552,29979,0,4225468,3014524,28227,1182717,1113064,0,1113064,35904,402834,1771439,1905999,7257158
2000:Q3,2255738,84199,98755,126657,4811,168171,611809,121216,161263,240222,3850,85258,552593,212470,58542,281581,99171,35444,33023,136856,149502,138550,7565515,6359,30811,0,4174505,2970228,27621,1176656,1118451,0,1118451,35958,410508,1788923,1928517,7238294
2000:Q4,2223796,82338,71906,125711,4847,164612,632197,124707,165908,250221,3886,87475,549796,211851,59662,278283,97289,35839,32168,138013,148271,123322,7744026,6384,31643,0,4161133,2944782,27326,1189025,1126784,0,1126784,36396,413707,1967979,1894105,7414335
2001:Q1,2269491,79542,74305,130206,4903,160335,654984,128662,171169,261207,3934,90012,552918,210623,64386,277909,95681,36352,31401,142621,165754,124143,8034815,6177,32271,0,4207363,2964368,26767,1216228,1139836,0,1139836,36555,423257,2189356,1932557,7697881
2001:Q2,2313393,83040,96390,136304,5026,158890,687419,134493,178926,276109,4038,93853,555228,211682,66683,276863,95300,36822,31027,147430,137156,126143,7892660,6103,32670,0,4082193,2804731,27048,1250414,1153421,0,1153421,37148,431020,2150105,1968138,7547405
2001:Q3,2341312,89502,97200,139146,5026,154838,703505,137111,182410,284492,4044,95448,549029,208615,70765,269649,92532,37157,29869,151088,152664,118756,8245196,6316,32957,0,4167235,2883903,26960,1256372,1156210,0,1156210,37155,440421,2404902,1999606,7903490
2001:Q4,2359967,83102,119979,142123,5140,152164,736144,142944,190171,299612,4142,99275,548063,209917,72470,265676,91828,37460,29372,151332,135251,107588,8283201,6157,33017,0,4261952,2940792,26777,1294383,1186635,0,1186635,37781,443880,2313779,2010437,7933671
2002:Q1,2344139,92066,77593,149716,5167,147629,756632,146403,194773,309839,4169,101448,544611,208339,76092,260180,89472,37887,28339,152220,141095,102066,8386205,6109,33630,0,4336780,2994298,26328,1316154,1172584,0,1172584,37713,452246,2347143,1994910,8036976
2002:Q2,2369562,95878,108476,146101,5191,144902,776900,149815,199312,319994,4195,103584,545332,206416,76396,262520,87041,38231,27279,151361,129234,91269,8683615,6519,33995,0,4405301,3012323,26775,1366203,1184118,0,1184118,38713,461289,2553680,2013983,8328036
2002:Q3,2442049,98783,132190,155493,5189,139778,793277,152474,202850,328555,4199,105199,547990,203645,80449,263896,84153,38569,26075,148987,162101,85896,8969069,6481,34315,0,4513408,3096826,27170,1389412,1200003,0,1200003,38684,468528,2707650,2081215,8608235
2002:Q4,2469897,102972,107471,167952,5282,122251,829427,157968,210159,343275,4280,113745,557669,204875,80490,272304,82753,38851,25325,150630,164211,80245,9190819,6661,34597,0,4647293,3181716,27275,1438302,1227935,0,1227935,39354,472655,2762324,2092460,8813382
2003:Q1,2478916,101563,81089,165354,5279,122668,829029,157886,210049,343096,4277,113721,553248,202385,83129,267734,82710,39203,25312,163938,197048,76588,9361523,6731,34798,0,4785977,3293980,26880,1465117,1206682,0,1206682,39373,502921,2785041,2106110,8988717
2003:Q2,2554340,104649,101583,175346,5442,130107,877162,167102,222313,363126,4528,120093,551163,210090,82164,258909,87538,39597,26790,165678,175419,77543,9522259,6864,35065,0,4903738,3356764,27009,1519965,1211393,0,1211393,39793,528112,2797294,2177376,9145295
2003:Q3,2590114,115749,112960,160731,5634,132758,893987,163361,230184,372507,4805,123130,560988,211944,83311,265733,88958,39881,27651,164575,170740,78328,9685912,7005,35273,0,4994518,3438700,27023,1528795,1246615,0,1246615,39930,553795,2808776,2197046,9292844
2003:Q4,2697339,121504,121864,162223,6060,138667,944901,163380,247639,397091,5292,131499,563281,214487,82366,266428,93934,40154,29657,167748,187809,82202,9797685,7281,35468,0,5137457,3553832,24866,1558759,1279013,0,1279013,40480,573570,2724416,2285542,9385888
2004:Q1,2799652,127529,89076,170227,6382,144430,993525,168275,263131,418118,5751,138250,578474,218812,85403,274259,97968,40460,31417,177132,221274,85193,10803674,7254,35761,0,6062790,3702839,25132,2334819,1251879,0,1251879,40468,589579,2815943,2365315,10369337
2004:Q2,2732512,118022,108513,165068,6330,135684,954412,165549,252908,398277,5648,132030,582555,219681,84728,278146,92425,40937,30106,181200,202387,79855,10957634,7184,36039,0,6159316,3736774,24221,2398321,1267653,0,1267653,40940,602483,2844019,2302682,10527804
2004:Q3,2829486,125271,95155,170682,7005,148500,1041654,166616,282338,440687,6437,145576,583136,222291,87140,273705,101279,41756,33511,182309,177875,86928,11307228,7197,36279,0,6278754,3822244,24183,2432327,1280696,0,1280696,40994,613500,3049808,2372642,10850384
2004:Q4,2743720,127529,85419,174358,6630,133805,977125,178315,258358,399726,6008,134718,586763,225664,86074,275025,90971,42006,30577,186705,190868,77553,11295887,7609,36434,0,6419946,3919926,24261,2475759,1316690,0,1316690,41566,618929,2854713,2308680,10860847
2005:Q1,2793517,126281,91961,172849,6771,129299,971312,183866,256061,392739,6070,132576,600023,224936,89425,285662,88504,42330,30219,191150,238528,74928,11630362,7402,36545,0,6616304,4062682,24076,2529546,1327310,0,1327310,41567,637343,2963891,2342303,11179148
2005:Q2,2911128,127926,104976,171469,7300,136897,1044220,191851,278906,424109,6734,142620,625776,224106,88936,312734,94628,42660,32824,200319,213206,79543,11743258,7137,36615,0,6592804,3992064,23730,2577010,1351365,0,1351365,41985,655263,3058089,2408561,11240691
2005:Q3,3061927,133966,98579,178495,8146,150107,1149200,200238,312485,471136,7680,157661,646331,224088,91715,330528,104072,42922,36675,207799,191365,86845,11937102,7102,36429,0,6671735,4044797,23636,2603302,1385771,0,1385771,42055,673230,3120780,2506054,11381229
2005:Q4,3130000,142385,109347,186050,7671,151102,1169686,211310,316982,473900,7925,159569,654768,224123,89822,340823,103630,43144,37103,213366,207241,85830,12121034,7003,36540,0,6806763,4143058,23835,2639870,1428502,0,1428502,42702,684512,3115012,2558903,11549937
2006:Q1,3106367,160565,79126,189653,7891,139995,1119229,218824,299164,443541,7604,150096,677918,228425,110095,339398,96008,44433,34924,212968,246557,78907,12184124,7059,37879,0,6966605,4297584,23582,2645439,1416284,0,1416284,42778,696436,3017083,2554065,11631822
2006:Q2,3185366,169048,115455,191309,8328,143493,1163902,227756,312678,459759,8076,155633,690647,234111,109606,346930,98501,44565,36407,219063,205194,80319,12295115,7248,37990,0,6919410,4211505,23639,2684266,1432308,0,1432308,43333,712396,3142430,2611670,11721419
2006:Q3,3298451,165358,119598,203118,8946,150999,1241100,241283,335936,489930,8811,165140,693067,239080,110459,343528,103882,44873,39014,219730,206968,84022,12389226,7234,38084,0,6984793,4257879,23385,2703529,1444631,0,1444631,43470,721674,3149340,2703797,11794572
2006:Q4,3390527,174137,108171,212035,9757,154550,1292001,253797,350683,507307,9336,170878,716083,243890,108664,363529,106448,45083,40624,210727,219070,85381,12510562,7371,38206,0,7076976,4297561,23509,2755906,1494068,0,1494068,44204,725013,3124724,2761663,11881698
2007:Q1,3546134,181995,78588,216807,10627,163132,1372959,260455,377848,542235,10206,182215,747432,247005,112177,388250,112582,45363,43661,214010,253016,89531,12828834,7399,38371,0,7262662,4423714,23180,2815768,1505357,0,1505357,44565,743595,3226885,2864723,12147423
2007:Q2,3466563,179123,93040,218138,11623,151761,1324499,274811,358174,509930,9811,171773,770104,250164,111854,408086,104754,46516,41286,219096,207891,82574,12674290,7426,38521,0,7183633,4294495,23156,2865982,1513935,0,1513935,45132,766909,3118734,2785355,11993082
2007:Q3,3678830,203595,141517,230407,13742,165189,1402692,242362,397981,562161,11050,189138,769479,252525,115000,401954,114251,46594,45764,222856,216834,89245,12915820,7627,38639,0,7308067,4403060,22953,2882054,1527683,0,1527683,45116,782958,3205730,2961533,12198523
2007:Q4,3710597,227501,131524,249522,15701,166121,1418491,233911,408227,572155,11484,192714,767777,255194,115657,396926,115029,46664,46830,219759,199926,89017,13203831,7742,38681,0,7447426,4493689,23139,2930598,1569368,0,1569368,45769,791114,3303731,2985765,12478999
2008:Q1,3724208,254001,112833,251604,18273,162044,1406220,233863,405622,564128,11557,191050,768393,257557,121100,389736,112181,46752,46422,218823,222579,85982,13678810,8057,38679,0,7669224,4691656,23458,2954110,1556330,0,1556330,45682,819834,3541004,3008698,12963300
2008:Q2,3599372,253108,123043,245363,18684,154643,1361338,229627,393304,542828,11346,184233,762845,260943,122355,379547,106761,47804,44908,218678,163176,81020,13761275,8004,38677,0,7640190,4656134,23521,2960535,1550145,0,1550145,46170,855314,3622775,2907327,13069230
2008:Q3,3902635,240714,442034,250116,19713,148257,1306732,204820,383670,528843,11202,178197,757985,261987,131000,364998,102214,47909,43708,216376,233885,76780,14660015,7630,38675,0,8172462,5192997,23098,2956367,1559301,0,1559301,46054,866105,3969788,3235053,13992433
2008:Q4,4096418,236779,452779,267368,22993,140419,1319546,211070,369259,556436,10908,171873,760900,266572,135152,359176,285223,47970,41972,208226,222265,71762,15718513,7547,38674,0,8750975,5757055,23346,2970574,1609132,0,1609132,46747,851453,4413985,3454215,15076310
2009:Q1,4040266,248746,350437,280640,22342,129955,1285426,188411,348518,577009,10413,161075,785485,273912,146888,364685,313283,48083,39527,202806,248798,65750,16425418,7325,42261,0,9249251,6227207,22548,2999496,1583278,0,1583278,46689,843587,4653027,3428369,15813521
2009:Q2,4241293,253808,422333,269727,20853,143654,1433561,169665,393829,677908,11897,180262,816731,280836,154260,381635,256734,49363,44569,204758,229642,72097,16778621,7605,42427,0,9626478,6571808,22274,3032396,1581872,0,1581872,47204,843118,4629917,3589537,16126865
2009:Q3,4397489,318333,363992,275652,19012,149523,1520501,155490,423296,736208,12926,192581,860217,288094,183213,388910,263441,49420,47800,181783,245637,75163,17060860,55953,42564,0,10044561,6968783,23202,3052576,1578764,0,1578764,47239,842096,4449683,3731536,16394907
2009:Q4,4345026,342194,296514,278543,17858,146775,1536966,151574,424301,756554,13093,191444,919821,296885,232650,390286,170227,50431,47812,182223,257850,73046,17380789,55364,42691,0,10368157,7232689,23495,3111973,1639997,0,1639997,47845,835124,4391611,3679956,16715719
2010:Q1,4486862,347698,318451,284678,17554,148411,1553826,144353,438602,761282,13673,195916,975376,302098,247758,425520,154578,51736,49320,186905,300480,73173,18003558,53618,42745,0,10876896,7714997,23581,3138318,1625884,0,1625884,47750,852530,4504135,3805364,17322060
2010:Q2,4488745,379856,391157,267664,17954,141739,1501945,137586,428087,732457,13478,190337,991497,307649,264795,419053,149534,54017,48039,187430,264723,69176,18652494,52228,43205,0,11218320,8059428,23850,3135042,1629828,0,1629828,47927,866203,4794783,3822536,17986285
2010:Q3,4671278,399189,409020,271125,19244,148492,1571429,140896,457696,755877,14550,202410,1048876,315766,323981,409129,155625,54805,51257,190541,253632,71601,19079962,54958,43413,0,11623819,8457152,23971,3142696,1639136,0,1639136,48092,873818,4796726,3984811,18393495
2010:Q4,4830222,424361,451109,278128,20679,148803,1582520,142119,468675,750667,15041,206018,1096687,321777,363784,411126,155216,55282,52381,194470,273686,70940,19559035,54387,43542,0,12046028,8822662,24161,3199205,1703535,0,1703535,48707,882493,4780343,4131780,18860593
2011:Q1,4692393,432840,226863,281114,20427,142771,1549286,152339,458548,722832,14852,200715,1144543,325180,413923,405440,163187,56339,51148,199220,325792,67116,19795297,55993,43790,0,12294725,9090815,24459,3179451,1682297,0,1682297,48777,894621,4775094,4014150,19117054
2011:Q2,4639190,450921,249991,276761,20429,137446,1481447,145981,450551,673939,14724,196252,1157613,330249,430571,396793,163349,57847,50157,204006,286895,63728,20025042,56521,43953,0,12465378,9295140,24498,3145740,1592135,0,1592135,49209,913410,4904436,3980997,19366849
2011:Q3,4554868,479503,171601,282446,20293,135473,1423828,137745,446384,628374,15065,196260,1201992,332835,472791,396366,155540,58254,49823,205289,263465,65874,20673364,55150,44082,0,12752959,9588341,24982,3139636,1694247,0,1694247,49498,920535,5156893,3910963,20029459
2011:Q4,4650919,455311,210329,295907,21074,139417,1439540,134976,469927,610743,16360,207534,1224017,335544,494759,393714,158915,58384,52586,204760,272369,72216,21024935,54219,44198,0,13091064,9906085,25268,3159711,1764474,0,1764474,49970,929864,5091146,3983995,20358011
2012:Q1,4689887,490202,165209,315375,19688,138502,1381974,138408,460282,561843,16513,204928,1276642,335967,531393,409282,146947,58150,51638,208311,318680,73533,21271985,54707,44389,0,13493479,10306692,24433,3162354,1750290,0,1750290,50076,945509,4933535,4028002,20610100
2012:Q2,4701526,472347,210757,309080,18652,136962,1364569,128851,464164,549291,16884,205379,1314684,336417,558492,419775,141506,59810,51419,209331,289270,75804,21622589,53593,44517,0,13693102,10490548,24468,3178086,1771031,0,1771031,50436,959514,5050396,4026016,20947079
2012:Q3,4850956,519654,199472,321907,18399,141335,1420024,120849,495559,568575,18216,216825,1352215,336351,602207,413657,143586,58356,54075,214695,274316,82412,21845126,54463,44635,0,13921220,10723156,24394,3173670,1787966,0,1787966,50381,964846,5021615,4146264,21140434
2012:Q4,4773294,488484,214234,328969,18864,136792,1380944,113650,491323,545496,18203,212272,1322795,335434,622248,365113,139272,57085,52715,212965,287854,82942,22185124,54277,44751,0,14224642,11027944,24879,3171819,1811393,0,1811393,50257,980910,5018894,4084790,21496620
2013:Q1,4901422,471645,199156,333971,17986,142595,1438491,138542,496678,561626,19506,222139,1363706,335563,665236,362907,142072,55603,55153,212294,330884,89478,22664099,52945,44971,0,14577536,11373129,24626,3179781,1814684,0,1814684,50298,986256,5137409,4210641,21973318
2013:Q2,4777851,365588,252212,332949,17745,139064,1399288,129166,493599,539087,19475,217961,1376437,333442,680570,362425,138359,57219,53805,218016,289961,89900,22907742,53113,45147,0,14554692,11368166,24962,3161564,1727701,0,1727701,50481,1005262,5471346,4093076,22222967
2013:Q3,4781901,401844,208830,340862,18136,138814,1394423,111313,511558,531622,19964,219966,1385046,332100,720074,332872,135537,57279,53933,221775,285700,92708,23204429,54177,45334,0,14725261,11563589,25098,3136574,1686206,0,1686206,50357,1020988,5622106,4109325,22531853
2013:Q4,5064337,370159,291970,348953,18053,142913,1426435,91639,544646,540934,21105,228111,1545182,331974,735517,477691,138204,57356,55788,225659,301149,98557,23623312,54386,45493,0,14982218,11834187,24487,3123544,1907530,0,1907530,50487,1033859,5549339,4316909,22875884
2014:Q1,5212145,393185,268487,357122,17011,144090,1445071,101203,549529,539757,21869,232713,1612845,331787,776550,504508,139061,57356,56597,230585,345033,102663,23986949,54585,45749,0,15240475,12098504,24003,3117968,1904195,0,1904195,50467,1043824,5647654,4460056,23234860
2014:Q2,5144624,399282,265217,351134,16128,139382,1424133,106654,540705,523678,22022,231074,1598433,331862,791798,474773,136902,58726,55837,234719,315132,103901,23907767,54594,45963,0,15187312,12047511,24035,3115766,1901117,0,1901117,50605,1054370,5613806,4408375,23171518
2014:Q3,4925088,371261,288591,357566,15930,132079,1365458,108531,518422,493594,21535,223376,1487757,331916,833020,322821,131141,59202,53524,228978,289407,102085,24178762,52358,46171,0,15367780,12255772,23857,3088151,1879601,0,1879601,50911,1062717,5719224,4261496,23515170
2014:Q4,5095931,367309,372071,361229,16352,138359,1413912,101174,541530,511632,23149,236427,1511947,331003,846248,334696,135782,59414,56431,231533,284104,110231,24502533,51166,46301,0,15604155,12480854,24374,3098927,1953917,0,1953917,51257,1070568,5725169,4396671,23803273
2015:Q1,5128581,359858,239604,372137,15744,143303,1463686,106173,562079,524263,24590,246581,1554189,330638,887282,336269,139509,61500,58824,230113,341337,117595,24707198,48718,46671,0,15754075,12606703,24131,3123241,1907289,0,1907289,50736,1095001,5804708,4405768,23984385
2015:Q2,5194696,356640,397543,364433,15484,138817,1429945,121953,539145,502354,24418,242075,1550730,329178,901363,320189,136506,61501,57350,233384,304287,117246,24858096,49668,47000,0,15827160,12670654,24650,3131856,1828643,0,1828643,50967,1103992,5950666,4513032,24176432
2015:Q3,5096049,341642,338472,366829,15603,134459,1395172,135570,516548,481234,24232,237588,1559891,326748,936547,296596,133392,61511,55906,234865,310980,116807,25256830,49574,47327,0,15960768,12812842,24095,3123831,1782062,0,1782062,50822,1118195,6248082,4458880,24619661
2015:Q4,5304429,326877,475164,374922,16161,139524,1434438,138461,527719,493787,25751,248720,1571297,324919,949665,296713,137326,61511,58384,244821,310351,124587,25663374,48938,47567,0,16310076,13168996,24554,3116526,1990304,0,1990304,51149,1126312,6089028,4657581,25016526
2016:Q1,5463961,373992,455553,378508,17636,140209,1457229,163981,523231,490583,26489,252945,1618883,327030,989749,302104,138015,63000,59046,247311,356941,128610,26034980,49753,47726,0,16565097,13407102,24439,3133556,1988299,0,1988299,51050,1154611,6178444,4813356,25384375
2016:Q2,5567530,395536,503331,375426,18615,141711,1471965,174744,521736,490126,27394,257965,1647038,328182,1001136,317720,139288,63211,60060,252811,335169,133451,26122988,49401,48043,0,16572175,13391647,24556,3155972,2011281,0,2011281,51245,1167269,6223574,4898839,25454297
2016:Q3,5651758,395886,493874,370405,19889,147050,1502728,166466,535263,502638,29073,269288,1689290,329611,1036653,323026,143448,63231,62720,260794,327500,142090,26383232,49294,48370,0,16797049,13621965,24363,3150721,2039742,0,2039742,51261,1179454,6218062,4960438,25691912
2016:Q4,5682741,348535,547053,382878,21562,144995,1482521,164064,529928,489712,29308,269509,1708717,333009,1049293,326415,142087,63258,62237,266107,339127,143679,26748610,47476,48536,0,17055305,13880222,24459,3150624,2122090,0,2122090,51263,1198639,6225301,4995246,26061115
2017:Q1,5521511,374876,239982,376959,20899,147731,1518578,176320,542127,492915,30517,276699,1742435,333576,1087035,321824,144332,64093,63814,260691,385982,150050,26758341,47918,48781,0,17085423,13923005,24228,3138190,2076919,0,2076919,50978,1213348,6234974,4824111,26060941
2017:Q2,5553789,375467,325449,372776,20522,148814,1528104,176763,548326,490418,31404,281193,1738139,333922,1098281,305936,145210,64127,64690,265288,317470,154853,26788376,49138,48986,0,17125587,13965794,24391,3135402,1992605,0,1992605,50851,1230572,6290637,4863934,26098521
2017:Q3,5644073,386972,297282,378396,21271,149925,1550606,190352,554671,487896,32311,285376,1764871,337581,1133577,293713,146234,64764,65585,270659,353244,159757,26927500,49912,49175,0,17301026,14156063,24368,3120595,2105422,0,2105422,51013,1247157,6123795,4958030,26241457
2017:Q4,6071160,389459,372506,397391,21868,155435,1599755,189975,577403,499388,34198,298791,1793457,339475,1145579,308403,150593,64764,68425,272418,582306,169533,27201562,50294,49381,0,17609875,14434589,24395,3150891,2166903,0,2166903,51090,1260839,6013180,5348164,26478566
2018:Q1,6163021,399164,431862,392017,20619,148949,1560346,209220,555569,472352,33445,289760,1824154,341190,1181633,301331,145882,64764,65984,276552,632204,166217,27765973,51344,49517,0,18051970,14894690,24662,3132618,2170439,0,2170439,51194,1298627,6092882,5470238,27073190
2018:Q2,6227839,378279,471165,386150,19992,153130,1600259,212956,573493,479206,35079,299525,1831847,343493,1191632,296722,149249,66042,68263,286047,605418,174763,27877115,49674,49617,0,18089675,14933718,23511,3132446,2176356,0,2176356,51040,1311504,6149249,5520763,27170039
2018:Q3,6388126,361383,516231,391903,19484,158265,1648117,214912,595145,488628,36978,312454,1859886,345563,1224371,289952,153332,66092,70996,300461,620644,184653,28227171,49274,49691,0,18375225,15227623,22822,3124780,2209861,0,2209861,51221,1348263,6143636,5664565,27503610
2018:Q4,6448218,385260,538820,405428,19778,156165,1622193,207826,589650,475557,37203,311957,1871585,348126,1236272,287187,151948,66092,70494,305672,630104,186197,28994775,49117,49762,0,18702016,15566216,22940,3112860,2295921,0,2295921,51284,1382543,6464132,5735117,28281674
2019:Q1,6520053,389512,469191,407184,20660,159002,1664313,224941,602818,477456,38612,320486,1907314,350129,1269571,287614,154321,66092,72224,306463,671530,193666,29219007,49027,49865,0,19008286,15888708,22201,3097377,2253169,0,2253169,51793,1427042,6379825,5796349,28495303
2019:Q2,6486474,419350,395989,408163,22147,162000,1698341,232398,616696,479559,40089,329599,1901481,348133,1278347,275001,156825,67441,74046,312646,625045,201499,29162231,49096,49930,0,18986295,15884286,21997,3080012,2167301,0,2167301,51690,1445132,6412787,5761261,28437018
2019:Q3,6590506,438380,514637,412799,24464,160259,1679031,229035,610065,474402,39658,325871,1946325,354223,1310988,281114,155495,67459,73250,316760,559821,199333,29672664,48146,49994,0,19402080,16303690,21455,3076935,2311911,0,2311911,52098,1450088,6358347,5866151,28948309
2019:Q4,6656696,446854,546286,425466,26537,158334,1657650,225291,612612,458835,39182,321730,1985794,357898,1319245,308651,154027,67459,72370,315895,559494,196940,29943605,48835,50071,0,19762927,16628907,21211,3112809,2410878,0,2410878,52181,1467175,6151538,5906052,29192961
2020:Q1,6836124,470875,661261,432265,33735,153510,1636816,234774,613088,439112,37988,311854,2032229,369789,1350598,311842,150344,68757,70165,306401,599173,177540,31077602,48199,50180,0,20257324,17115829,21184,3120311,2423802,0,2423802,52034,1501024,6745039,6079439,30320917
2020:Q2,8580075,512912,1892670,431782,38301,166254,1758389,216957,783419,413301,41133,303579,2168950,382036,1355774,431140,160078,182767,75993,302851,651324,189084,33870102,48584,50256,0,23030923,19867035,21019,3142869,2524998,0,2524998,52024,1525219,6638098,7644911,32934938
2020:Q3,8837135,545155,1962957,435701,38644,167757,1782697,206177,834702,394164,41509,306145,2286286,392349,1379411,514526,161227,182982,76678,315634,628033,201413,34597138,49709,50374,0,23539874,20340181,20151,3179542,2582058,0,2582058,52363,1544784,6777976,7832506,33592509
2020:Q4,8908695,546547,1961951,414593,40208,171253,1834649,200767,873197,403396,42384,314905,2322251,405606,1380988,535657,163887,183306,78267,325509,626574,185510,34903299,50864,50455,0,24174812,20946158,20207,3208447,2676792,0,2676792,52371,1555830,6342175,7855231,33849835
2021:Q1,8282825,494310,1365961,416077,44277,168247,1853343,240748,871477,392897,41644,306577,2360923,402050,1410110,548763,146768,122253,62406,336632,675563,185389,35222300,50050,50530,0,24600349,21347365,19827,3233157,2617878,0,2617878,52655,1603183,6247655,7225759,34165234
2021:Q2,8286174,513507,1152352,393313,47324,190925,2147465,236453,1181841,387684,38540,302947,2371936,398716,1413926,559294,147995,110753,55103,346466,600691,156696,35409940,50375,50586,0,24970542,21699043,19826,3251673,2624752,0,2624752,51807,1637483,6024395,6920776,34044542
2021:Q3,8046917,619614,537670,386648,50151,196468,2202856,233416,1217331,399639,39971,312499,2448471,396274,1436411,615786,152286,97371,57159,356861,723717,165330,35739195,161826,50674,0,25134876,21846135,19501,3269240,2606531,0,2606531,52742,1657030,6075516,6640369,34332647
2021:Q4,8378451,635858,756062,384954,55513,201044,2237622,228160,1265517,403926,40793,299226,2475975,393483,1436356,646136,154700,91770,58332,371003,730040,172881,36114375,160760,50827,0,25856837,22557536,19787,3279514,2749723,0,2749723,52648,1671746,5571834,6939876,34675800
2022:Q1,8744684,671002,1007344,377863,56149,193784,2184470,247217,1236381,382323,38866,279683,2551991,395053,1454955,701983,148929,92069,55548,382784,817868,153179,36753137,158785,50821,0,26521557,23246108,19397,3256052,2793050,0,2793050,52869,1692203,5483852,7328503,35336956
2022:Q2,8882221,633339,1150732,355541,57912,199628,2262117,252483,1281448,397804,40701,289681,2579825,398072,1457100,724653,154401,90322,58181,395576,734536,161269,36938370,152511,51003,0,26533087,23253368,19721,3259998,2820066,0,2820066,52795,1703970,5624938,7429090,35485239
2022:Q3,8691642,590336,997136,354582,60498,198124,2246120,252928,1275657,391327,40297,285911,2612580,402730,1479134,730716,153199,90657,57601,401689,723588,157979,37318948,147009,51185,0,26886883,23616710,19352,3250821,2874946,0,2874946,53041,1707259,5598625,7243538,35870844
2022:Q4,8664549,634831,815150,371601,65274,200642,2287272,261118,1303527,394226,40861,287540,2642294,427363,1487313,727618,154878,88282,58421,405263,734839,153954,37162339,152863,51367,0,27093626,23844978,19799,3228849,3009882,0,3009882,53018,1727704,5073879,7196980,35694770
2023:Q1,8650670,680930,544107,363437,69575,210208,2381580,253243,1368917,414460,43298,301662,2646645,420945,1499651,726049,162144,88548,61883,407262,813399,168769,37670220,154516,51549,0,27534900,24282042,19743,3233115,2969996,0,2969996,53530,1777744,5127985,7116732,36136282
2023:Q2,8782829,662257,764228,371090,70442,213032,2413799,255316,1391408,417377,43902,305796,2585442,414138,1490108,681196,163999,88130,62801,416139,750132,170469,38168081,152775,51731,0,28034722,24772373,17991,3244358,2999394,0,2999394,53480,1805920,5070059,7233289,36618541
2023:Q3,8905604,651191,1016751,366543,71483,209623,2381306,261809,1376247,404548,42868,295834,2547161,409438,1463067,674656,160913,88866,61310,432564,706150,162955,39247538,151041,52434,0,28887941,25630167,19567,3238207,3042800,0,3042800,54197,1838441,5220684,7368438,37710372
2023:Q4,9201177,709997,1151564,375546,72034,219788,2499916,265917,1452091,426040,45558,310310,2518833,404425,1462190,652218,168879,82130,65137,437705,677034,174824,39691423,154107,52616,0,29497931,26226569,20177,3251185,3249332,0,3249332,54333,1880868,4802236,7587724,38077970
2024:Q1,9396416,745319,1162012,374474,72548,222951,2532301,268455,1482510,429467,46272,305597,2546703,407952,1488625,650126,170978,82135,66145,432090,760213,180895,40145380,152083,52798,0,30097302,26808608,19946,3268748,3235224,0,3235224,55248,1897941,4654784,7751629,38500593
2024:Q2,9423137,775740,1153865,372549,73569,228857,2588679,264933,1521785,440845,47498,313618,2559634,411377,1484906,663351,174630,81518,67898,439480,674560,185687,40326322,151083,52980,0,30227934,26903135,20219,3304580,3254688,0,3254688,55255,1929609,4654773,7730715,38633900
2024:Q3,9865143,860624,1257673,370304,77124,243691,2722522,270284,1606342,465340,50137,330419,2609898,413897,1515691,680310,182490,81964,71670,446095,699793,196005,40919943,155795,53087,0,30942116,27586426,20262,3335428,3315742,0,3315742,56311,1951804,4445088,8072732,39127532
2024:Q4,9682105,849167,1119056,375573,81912,237482,2677663,263600,1579135,457458,49288,328182,2614379,417577,1517974,678828,179961,80425,70456,448826,714825,192685,41651037,149795,53103,0,31508565,28139470,20455,3348640,3482275,0,3482275,56507,1985028,4415764,7929594,39898526
2025:Q1,9712749,980746,804991,369186,83405,242656,2760898,294011,1613539,467425,50362,335561,2647464,421358,1539518,686588,183159,80145,71991,455563,793881,196883,42185619,152617,53007,0,31843793,28447272,20694,3375827,3452321,0,3452321,57624,2019914,4606343,7936579,40409449
