date,FC152090005.Q,FU152090005.Q,FU152010005.Q,FU155035005.Q,FU165015205.Q,FU165013765.Q,FU155111005.Q,FU155420003.Q,FU154090005.Q,FU154190005.Q,FR152090005.Q,FR152010005.Q,FR155035005.Q,FR165015205.Q,FR165013765.Q,FR155111005.Q,FR154090005.Q,FR154022005.Q,FR153064105.Q,FR152090205.Q,FR153094305.Q,FR153064205.Q,FR153040005.Q,FR153050005.Q,FR153030005.Q,FV152090005.Q,LM152090005.Q,FA156012005.Q
1945:Q4,ND,ND,ND,ND,ND,ND,ND,ND,ND,ND,ND,ND,ND,ND,ND,ND,ND,ND,ND,ND,ND,ND,ND,ND,ND,ND,806616,ND
1946:Q1,ND,ND,ND,ND,ND,ND,ND,ND,ND,ND,ND,ND,ND,ND,ND,ND,ND,ND,ND,ND,ND,ND,ND,ND,ND,ND,ND,ND
1946:Q2,ND,ND,ND,ND,ND,ND,ND,ND,ND,ND,ND,ND,ND,ND,ND,ND,ND,ND,ND,ND,ND,ND,ND,ND,ND,ND,ND,ND
1946:Q3,ND,ND,ND,ND,ND,ND,ND,ND,ND,ND,ND,ND,ND,ND,ND,ND,ND,ND,ND,ND,ND,ND,ND,ND,ND,ND,ND,ND
1946:Q4,78600,26960,10134,4922,74,3,5135,0,23683,6857,51003,21255,18517,80,32,2626,29748,0,-7240,37119,0,-132,0,0,0,638,885217,165324
1947:Q1,ND,ND,ND,ND,ND,ND,ND,ND,ND,ND,ND,ND,ND,ND,ND,ND,ND,ND,ND,ND,ND,ND,ND,ND,ND,ND,ND,ND
1947:Q2,ND,ND,ND,ND,ND,ND,ND,ND,ND,ND,ND,ND,ND,ND,ND,ND,ND,ND,ND,ND,ND,ND,ND,ND,ND,ND,ND,ND
1947:Q3,ND,ND,ND,ND,ND,ND,ND,ND,ND,ND,ND,ND,ND,ND,ND,ND,ND,ND,ND,ND,ND,ND,ND,ND,ND,ND,ND,ND
1947:Q4,98980,23247,15855,7954,120,-3,7784,0,16419,9027,74258,44244,40353,58,21,3812,30014,0,-3101,33163,0,-48,0,0,0,1475,984197,174691
1948:Q1,ND,ND,ND,ND,ND,ND,ND,ND,ND,ND,ND,ND,ND,ND,ND,ND,ND,ND,ND,ND,ND,ND,ND,ND,ND,ND,ND,ND
1948:Q2,ND,ND,ND,ND,ND,ND,ND,ND,ND,ND,ND,ND,ND,ND,ND,ND,ND,ND,ND,ND,ND,ND,ND,ND,ND,ND,ND,ND
1948:Q3,ND,ND,ND,ND,ND,ND,ND,ND,ND,ND,ND,ND,ND,ND,ND,ND,ND,ND,ND,ND,ND,ND,ND,ND,ND,ND,ND,ND
1948:Q4,52821,28110,18506,10778,141,-1,7588,0,18245,8641,23589,14365,12200,35,1,2129,9224,0,-1752,11021,0,-45,0,0,0,1122,1037018,194291
1949:Q1,ND,ND,ND,ND,ND,ND,ND,ND,ND,ND,ND,ND,ND,ND,ND,ND,ND,ND,ND,ND,ND,ND,ND,ND,ND,ND,ND,ND
1949:Q2,ND,ND,ND,ND,ND,ND,ND,ND,ND,ND,ND,ND,ND,ND,ND,ND,ND,ND,ND,ND,ND,ND,ND,ND,ND,ND,ND,ND
1949:Q3,ND,ND,ND,ND,ND,ND,ND,ND,ND,ND,ND,ND,ND,ND,ND,ND,ND,ND,ND,ND,ND,ND,ND,ND,ND,ND,ND,ND
1949:Q4,42406,25418,18543,9884,118,5,8536,0,14827,7952,15955,7842,7688,-19,0,173,8113,0,6439,394,0,1280,0,0,0,1033,1079424,194338
1950:Q1,ND,ND,ND,ND,ND,ND,ND,ND,ND,ND,ND,ND,ND,ND,ND,ND,ND,ND,ND,ND,ND,ND,ND,ND,ND,ND,ND,ND
1950:Q2,ND,ND,ND,ND,ND,ND,ND,ND,ND,ND,ND,ND,ND,ND,ND,ND,ND,ND,ND,ND,ND,ND,ND,ND,ND,ND,ND,ND
1950:Q3,ND,ND,ND,ND,ND,ND,ND,ND,ND,ND,ND,ND,ND,ND,ND,ND,ND,ND,ND,ND,ND,ND,ND,ND,ND,ND,ND,ND
1950:Q4,92019,32524,24972,12896,205,8,11863,0,21294,13742,58775,22254,18299,98,22,3835,36521,0,21593,14866,0,62,0,0,0,720,1171443,214823
1951:Q1,ND,ND,ND,ND,ND,ND,ND,ND,ND,ND,ND,ND,ND,ND,ND,ND,ND,ND,ND,ND,ND,ND,ND,ND,ND,ND,ND,ND
1951:Q2,ND,ND,ND,ND,ND,ND,ND,ND,ND,ND,ND,ND,ND,ND,ND,ND,ND,ND,ND,ND,ND,ND,ND,ND,ND,ND,ND,ND
1951:Q3,ND,ND,ND,ND,ND,ND,ND,ND,ND,ND,ND,ND,ND,ND,ND,ND,ND,ND,ND,ND,ND,ND,ND,ND,ND,ND,ND,ND
1951:Q4,109080,41853,20574,13122,205,6,7241,0,30043,8764,67032,23061,17715,41,15,5290,43971,0,18923,25175,0,-128,0,0,0,195,1280523,237177
1952:Q1,18348,13403,4733,3119,50,1,1563,0,9328,657,5622,1450,-176,-8,-2,1636,4172,0,2511,1721,0,-14,0,-46,0,-677,1298871,243408
1952:Q2,22646,8135,4727,3207,52,2,1466,0,7595,4187,14178,7006,7641,-4,-1,-630,7172,0,6029,1226,0,-44,0,-38,0,333,1321517,246447
1952:Q3,12826,13010,4298,3199,34,3,1062,0,11743,3030,-460,343,-1770,-18,0,2131,-803,0,-611,-152,0,16,0,-56,0,276,1334343,253057
1952:Q4,3899,12078,5333,3371,46,5,1912,0,11194,4449,-9029,5177,7342,-15,2,-2151,-14206,0,-11069,-3099,0,-13,0,-25,0,850,1338242,258904
1953:Q1,10379,12695,5991,3412,52,3,2524,0,9020,2317,-2636,2961,2080,7,2,872,-5597,0,-3417,-1915,0,-202,0,-63,0,321,1348622,262968
1953:Q2,2233,9491,5801,3422,51,4,2324,0,8182,4492,-7513,3225,3429,17,2,-223,-10738,0,-9570,-939,0,-172,0,-57,0,255,1350855,266799
1953:Q3,14588,12961,5462,3287,54,5,2117,0,10029,2530,1445,5598,6808,17,-1,-1226,-4153,0,-4719,730,0,-102,0,-62,0,182,1365443,266957
1953:Q4,20789,12524,5129,3219,49,5,1856,0,10790,3395,8152,-4747,-4632,5,-1,-119,12898,0,13799,-1156,0,307,0,-52,0,113,1386232,267217
1954:Q1,22775,10437,4790,3305,40,6,1439,0,5519,-128,12057,94,-1739,26,-1,1808,11964,0,11067,692,0,266,0,-61,0,281,1409007,269931
1954:Q2,21693,7046,5067,3569,38,6,1454,0,5795,3816,14323,-1973,760,26,-1,-2758,16296,0,15062,995,0,330,0,-91,0,324,1430699,269820
1954:Q3,36238,11101,5322,3871,41,5,1405,0,9230,3451,24775,4144,5700,-29,1,-1529,20631,0,18149,2108,0,460,0,-86,0,363,1466938,271778
1954:Q4,17183,9984,6032,4145,40,5,1842,0,9281,5329,6795,4003,4069,-1,2,-68,2793,0,1383,981,0,487,0,-58,0,404,1484121,276713
1955:Q1,21753,12774,6763,4468,40,5,2251,0,9233,3223,8547,173,400,-25,2,-205,8374,0,6018,2147,0,273,0,-63,0,432,1505874,282103
1955:Q2,35124,5529,7296,4561,49,5,2682,0,5343,7111,29183,5491,5880,2,3,-395,23692,0,21030,2110,0,540,0,12,0,412,1540998,288631
1955:Q3,39329,14021,7500,4470,57,6,2967,0,11882,5361,24923,7083,6791,30,4,258,17841,0,14158,3814,0,-98,0,-33,0,385,1580327,295107
1955:Q4,20407,11926,6849,4219,62,8,2561,0,10716,5639,8120,3404,4099,37,6,-738,4716,0,1328,3061,0,442,0,-115,0,361,1600734,299354
1956:Q1,43100,14148,5715,4077,56,6,1577,0,10191,1758,28357,6161,5624,16,5,516,22196,0,16260,5661,0,402,0,-127,0,596,1643835,303616
1956:Q2,10298,7705,5657,4093,56,8,1501,0,7309,5261,2084,5177,4885,15,6,272,-3093,0,-8570,5738,0,23,0,-284,0,508,1654132,308551
1956:Q3,18496,13873,5437,3995,59,8,1375,0,11823,3387,4203,5969,3785,37,4,2143,-1766,0,-4988,3927,0,-430,0,-275,0,420,1672629,313182
1956:Q4,38023,12587,5589,3903,58,9,1619,0,11765,4767,25106,2915,924,17,3,1972,22191,0,20206,1771,0,426,0,-212,0,330,1710652,319894
1957:Q1,13159,15992,6067,3877,52,12,2126,0,11087,1161,-5444,4912,3947,46,2,918,-10356,0,-13386,3491,0,-171,0,-290,0,2611,1723811,323789
1957:Q2,37196,9310,5729,3793,50,12,1875,0,8648,5067,25500,5841,3969,-1,2,1872,19658,0,16287,3144,0,357,0,-130,0,2387,1761007,328145
1957:Q3,-1726,15321,5432,3745,55,12,1620,0,13032,3143,-19210,3323,3689,24,2,-391,-22534,0,-24997,3711,0,-879,0,-369,0,2164,1759281,332482
1957:Q4,16721,12691,5174,3651,50,12,1461,0,10622,3105,2096,-775,-769,48,1,-55,2871,0,1968,1707,0,-474,0,-330,0,1935,1776003,331974
1958:Q1,33384,15760,3727,3199,58,14,456,0,11168,-865,17085,-3160,-6446,-16,2,3300,20245,0,14711,5319,0,424,0,-209,0,539,1809387,333104
1958:Q2,27297,5573,3268,3116,51,15,87,0,5875,3570,21117,2432,2807,12,4,-390,18685,0,14886,3293,0,680,0,-174,0,607,1836684,336028
1958:Q3,54195,14929,3706,3364,50,15,278,0,14799,3576,38592,6681,6549,1,4,127,31911,0,29064,2172,0,842,0,-166,0,674,1890879,343668
1958:Q4,30202,11714,4441,3810,58,16,557,0,13063,5790,17749,5442,5747,0,4,-309,12307,0,10801,519,0,1174,0,-187,0,739,1921081,348811
1959:Q1,20563,14662,6105,4389,54,16,1646,0,11082,2524,6168,-2195,-4530,25,4,2307,8363,0,6767,1504,0,462,0,-370,0,-267,1941644,353222
1959:Q2,27774,7984,6495,4549,58,17,1871,0,8552,7063,20351,5882,5900,15,4,-37,14469,0,12288,1944,0,540,0,-302,0,-561,1969419,360377
1959:Q3,13077,13985,6510,4452,62,17,1979,0,13745,6270,-210,4287,5019,12,4,-747,-4497,0,-4739,1331,0,-581,0,-508,0,-698,1982496,362062
1959:Q4,33590,9735,5782,4310,59,18,1395,0,10761,6808,24590,2841,3636,4,2,-801,21749,0,20242,1132,0,736,0,-361,0,-735,2016086,366634
1960:Q1,8229,16895,5854,4539,59,17,1399,-159,11964,923,-9552,8498,8444,-10,1,63,-18050,0,-19685,3096,0,-817,0,-644,0,886,2024315,371359
1960:Q2,18029,7316,5522,4059,64,19,1544,-163,8652,6859,9778,720,599,10,0,112,9058,0,7037,1977,0,452,0,-407,0,935,2042343,375715
1960:Q3,-4650,13409,5102,3865,55,19,1331,-168,12889,4582,-19038,2535,2768,-1,-0,-232,-21573,0,-23261,3100,0,-725,0,-687,0,979,2037693,377847
1960:Q4,53365,10664,4686,3816,46,19,978,-174,11462,5483,41663,-2049,-2045,-12,-1,10,43711,0,39924,2813,0,1249,0,-274,0,1038,2091058,379358
1961:Q1,50545,10765,3988,3741,45,21,364,-183,7538,761,38893,-5713,-5350,4,2,-370,44606,0,39131,3735,0,1996,0,-256,0,887,2141603,383653
1961:Q2,22664,9811,4186,3685,61,24,604,-188,11826,6201,11936,7750,7285,-7,-1,473,4186,0,685,3907,0,275,0,-681,0,917,2164267,389432
1961:Q3,36436,13049,4637,3905,66,27,833,-193,12687,4275,22420,6589,6155,-10,-2,445,15831,0,10878,4973,0,593,0,-613,0,966,2200703,396030
1961:Q4,56015,12406,5194,4030,84,30,1248,-197,14338,7126,42942,4671,5329,-14,-3,-641,38271,0,32883,4548,0,1314,0,-474,0,667,2256718,404186
1962:Q1,13051,15331,5578,4195,71,33,1477,-198,11080,1327,-1050,4015,4196,-7,-1,-174,-5065,0,-8638,4703,0,-216,0,-913,0,-1229,2269770,409933
1962:Q2,-94948,9393,5943,4323,74,34,1713,-201,10549,7099,-103163,970,929,-5,-2,49,-104133,0,-101296,3889,0,-5008,0,-1718,0,-1178,2174821,415826
1962:Q3,39451,14393,5895,4262,71,34,1733,-205,14713,6215,25734,1075,647,-2,-1,430,24660,0,20018,4648,0,483,0,-489,0,-676,2214273,419178
1962:Q4,104929,12900,6125,4156,70,34,2073,-209,14270,7495,93061,3544,4528,-16,-2,-966,89517,0,84529,3433,0,1903,0,-348,0,-1032,2319202,424193
1963:Q1,34717,14813,6293,4268,69,40,2130,-213,11430,2910,29206,3366,3555,-5,-5,-180,25840,0,23847,1566,0,1043,0,-616,0,-9302,2353919,429107
1963:Q2,32319,10549,6807,4602,65,39,2319,-218,13259,9517,21092,-2825,-3176,-2,1,353,23917,0,23152,465,0,1009,0,-709,0,678,2386237,433739
1963:Q3,41774,15052,6851,4599,73,40,2362,-223,15718,7517,26292,6170,5854,3,0,313,20122,0,21192,-723,0,441,0,-788,0,431,2428012,440601
1963:Q4,-5341,16949,7132,4785,80,41,2456,-229,18827,9011,-22620,917,531,2,2,382,-23537,0,-25467,2310,0,446,0,-826,0,330,2422671,449437
1964:Q1,46853,18411,7697,4989,86,42,2816,-236,14678,3964,27515,-3222,-3337,-4,1,118,30737,0,29543,390,0,1588,0,-784,0,927,2469524,460392
1964:Q2,44367,13317,7584,4700,86,42,2995,-240,15331,9597,30267,8475,8775,-0,-1,-298,21792,0,16570,5770,0,408,0,-956,0,783,2513891,473838
1964:Q3,46356,22085,7778,4603,91,44,3284,-243,21119,6812,23464,1047,1463,-3,-2,-411,22417,0,18403,3908,0,1111,0,-1005,0,807,2560247,481587
1964:Q4,43940,18306,7180,4626,95,45,2660,-246,20117,8991,28462,7437,8059,-7,-5,-610,21025,0,15155,7428,0,-423,0,-1135,0,-2828,2604187,488675
1965:Q1,44277,21465,8796,4966,102,49,3923,-245,16164,3495,21618,2062,2149,-6,-8,-74,19556,0,15482,4453,0,769,0,-1148,0,1195,2648465,496020
1965:Q2,-2917,14103,8667,5086,94,48,3686,-247,15041,9605,-17971,-415,393,-8,-3,-798,-17556,0,-20374,4985,0,-707,0,-1460,0,951,2645547,504149
1965:Q3,77714,25578,8995,5132,107,50,3956,-249,23499,6916,51429,-406,811,9,-2,-1224,51835,0,47752,2799,0,2020,0,-736,0,708,2723262,519863
1965:Q4,79884,20587,9459,5199,103,48,4361,-253,20529,9400,58834,8681,10051,-16,6,-1360,50154,0,38418,11129,0,1808,0,-1201,0,462,2803145,531956
1966:Q1,7111,26688,10166,5265,100,52,5009,-259,19360,2838,-21332,-5540,-5472,9,-1,-77,-15792,0,-16745,2669,0,-86,0,-1629,0,1754,2810256,541375
1966:Q2,32243,16287,8975,4937,104,54,4144,-263,17007,9696,14528,26260,25000,31,-1,1230,-11731,0,-22751,14146,0,-1353,0,-1774,0,1428,2842499,547242
1966:Q3,-28688,27531,9016,4664,97,54,4467,-265,22406,3891,-57327,-780,-2110,39,1,1289,-56547,0,-55477,4416,0,-3386,0,-2100,0,1108,2813811,558165
1966:Q4,88626,21247,8242,4113,102,58,4234,-266,19476,6471,66588,17662,16252,57,-1,1354,48927,0,38859,9036,0,2059,0,-1027,0,791,2902437,569061
1967:Q1,106647,28664,7490,3893,110,56,3693,-261,21090,-84,76538,63,493,15,1,-446,76475,0,70110,2911,0,3834,0,-380,0,1445,3009085,579322
1967:Q2,41162,18556,8748,4529,116,59,4307,-263,17142,7334,21548,6105,4916,11,0,1178,15443,0,9604,6328,0,834,0,-1323,0,1058,3050247,586696
1967:Q3,86558,29840,8805,4836,104,59,4072,-266,27096,6061,55863,9831,6883,24,4,2921,46032,0,39457,5166,0,2404,0,-996,0,855,3136805,597752
1967:Q4,67259,15135,9066,5233,112,59,3931,-270,27723,21654,51387,17292,14505,30,8,2749,34095,0,25060,9627,0,1122,0,-1714,0,737,3204063,607280
1968:Q1,22968,39398,9457,4750,106,56,4831,-286,21543,-8398,-19559,20757,18782,13,10,1953,-40317,0,-45389,10735,0,-3281,0,-2382,0,3129,3227031,623954
1968:Q2,138338,19152,9655,4787,89,56,5004,-281,21983,12486,116687,15529,13582,49,15,1884,101157,0,88353,8432,0,4958,0,-586,0,2499,3365368,640688
1968:Q3,61711,27323,10377,4796,97,58,5695,-269,24544,7598,31746,11185,8561,44,17,2563,20561,0,13842,6603,0,1778,0,-1662,0,2642,3427079,649389
1968:Q4,168626,18465,10298,5042,107,60,5338,-250,21529,13362,148000,38027,35084,55,19,2869,109973,0,94403,16502,0,896,0,-1828,0,2161,3595705,661666
1969:Q1,18253,29128,10792,5503,136,48,5316,-209,19060,724,-14095,21426,19475,24,23,1904,-35521,0,-41437,10403,0,-1864,0,-2623,0,3221,3613958,669756
1969:Q2,7595,15636,10423,5376,139,51,5048,-190,16624,11411,-11102,15440,12924,33,22,2461,-26542,0,-31333,10247,0,-2977,0,-2479,0,3061,3621554,684950
1969:Q3,21480,28514,10076,5357,139,52,4707,-178,24286,5848,-9110,8518,6779,62,22,1655,-17628,0,-18194,4226,0,-973,0,-2687,0,2076,3643034,707480
1969:Q4,17290,27826,9226,4782,135,54,4431,-175,29670,11069,-11904,21092,18876,61,24,2131,-32996,0,-40341,10336,0,-803,0,-2188,0,1368,3660324,721137
1970:Q1,28119,36116,8889,5005,143,53,3872,-184,23652,-3575,-14561,551,-135,57,23,606,-15112,0,-24505,6174,0,324,0,2895,0,6564,3688443,737168
1970:Q2,-63526,25014,8770,4814,139,51,3964,-198,22802,6558,-92343,29509,28082,51,23,1352,-121852,0,-129203,19351,0,-9094,0,-2907,0,3803,3624916,754520
1970:Q3,127689,42305,8876,4979,141,51,3924,-218,40367,6938,81435,-3034,-5626,33,22,2536,84469,0,80865,-2917,0,4202,0,2318,0,3950,3752606,774022
1970:Q4,123004,31059,8163,5747,112,45,2504,-244,31898,9001,88358,19552,13665,73,26,5789,68806,0,55361,9458,0,2431,0,1556,0,3586,3875610,782186
1971:Q1,163572,43621,10252,5828,127,44,4539,-286,36121,2752,114540,25833,20950,98,30,4756,88707,0,62280,18891,0,5479,0,2057,0,5411,4039181,805328
1971:Q2,74197,33811,11376,6754,142,47,4742,-309,36085,13650,34414,22211,19814,52,24,2321,12203,0,-3855,15767,0,266,0,25,0,5972,4113378,826350
1971:Q3,60144,37117,12077,7257,149,50,4945,-324,37784,12744,17974,17402,18483,-1,20,-1100,572,0,-13917,14279,0,-405,0,616,0,5053,4173523,838808
1971:Q4,120892,31360,13198,7654,180,58,5637,-331,34447,16285,85091,13616,15848,-38,8,-2201,71475,0,51506,16121,0,2835,0,1013,0,4441,4294415,853832
1972:Q1,159045,48350,14488,8515,355,57,5879,-319,41108,7246,103935,38207,35000,36,15,3155,65728,0,41151,20884,0,2152,0,1542,0,6760,4453459,866754
1972:Q2,64997,30096,15041,8733,382,62,6181,-318,34736,19681,29791,15043,13155,-3,15,1876,14748,0,-2330,17456,0,-320,0,-58,0,5110,4518456,880815
1972:Q3,125002,46735,15827,9118,394,62,6570,-317,46359,15451,72476,32795,30907,-31,17,1902,39681,0,19241,20449,0,-250,0,241,0,5791,4643458,905843
1972:Q4,246319,42580,17618,9982,427,61,7467,-318,44083,19121,199262,46703,48159,-65,26,-1418,152560,0,119378,28387,0,3205,0,1589,0,4476,4889777,949861
1973:Q1,25561,51329,20059,10597,478,70,9237,-323,42294,11025,-18290,24075,21443,-35,25,2643,-42365,0,-68115,33042,0,-5403,0,-1889,0,-7478,4915338,968678
1973:Q2,39784,41991,18911,10196,474,62,8506,-327,41989,18908,7425,41345,36944,63,53,4286,-33921,0,-65850,38550,0,-4312,0,-2309,0,-9632,4955122,995679
1973:Q3,182519,50528,17621,9732,435,53,7734,-333,52000,19093,141453,54147,50853,85,86,3124,87306,0,40565,41383,0,3820,0,1538,0,-9462,5137640,1018430
1973:Q4,-36603,46623,15727,9036,410,48,6574,-340,47309,16413,-74777,35897,33312,51,114,2422,-110675,0,-131925,29463,0,-4572,0,-3641,0,-8449,5101037,1050700
1974:Q1,30787,49081,14034,8123,558,71,5632,-349,39296,4249,-20763,-13169,-18369,119,101,4981,-7594,0,-31418,25350,0,-1842,0,315,0,2469,5131824,1064035
1974:Q2,-17242,23522,14015,7717,538,66,6051,-357,30298,20791,-44275,3549,-8504,316,101,11637,-47824,0,-69361,27987,0,-3534,0,-2916,0,3511,5114581,1083985
1974:Q3,-40123,32650,14685,7908,555,65,6521,-364,36385,18419,-74605,24804,6014,566,95,18129,-99408,0,-135525,49853,0,-7465,0,-6272,0,1832,5074459,1114191
1974:Q4,138605,41857,10661,7291,519,58,3163,-370,44570,13373,93482,51366,34999,749,91,15527,42116,0,172,37556,0,2360,0,2028,0,3266,5213064,1140869
1975:Q1,253233,64461,11659,7895,421,80,3640,-377,52006,-796,200461,65951,57267,543,73,8068,134510,0,90317,32298,0,5131,0,6764,0,-11689,5466296,1160434
1975:Q2,233263,55543,13530,9215,406,76,4211,-377,58743,16730,171962,59823,49954,350,59,9460,112139,0,66880,34896,0,4796,0,5566,0,5759,5699560,1228887
1975:Q3,-4542,55979,16175,10178,410,76,5886,-374,60176,20372,-63621,-3914,-9869,88,46,5821,-59707,0,-74347,21208,0,-4457,0,-2111,0,3100,5695018,1233647
1975:Q4,166908,61499,17440,10455,423,79,6851,-366,67820,23761,103613,39944,31416,107,32,8390,63669,0,35939,23060,0,2137,0,2533,0,1797,5861926,1264165
1976:Q1,200232,59359,18978,10888,447,90,7907,-354,49159,8778,146089,29191,22840,215,24,6113,116898,0,82253,25685,0,4641,0,4319,0,-5216,6062158,1293610
1976:Q2,176658,53450,19069,11050,465,93,7804,-341,61133,26752,128649,65926,60913,112,77,4824,62723,0,14749,47286,0,720,0,-32,0,-5441,6238816,1311899
1976:Q3,115777,50948,19003,10660,497,95,8080,-329,57105,25160,70713,31806,26064,167,58,5517,38907,0,8330,31170,0,-558,0,-35,0,-5884,6354593,1342259
1976:Q4,168073,67189,22211,13200,538,98,8692,-317,73112,28134,110585,49137,40264,218,65,8590,61448,0,20571,39760,0,788,0,328,0,-9701,6522667,1372140
1977:Q1,109080,60778,23979,14290,477,123,9391,-301,53848,17049,47755,62613,55044,136,25,7409,-14857,0,-51774,42102,0,-2679,0,-2506,0,547,6631747,1400016
1977:Q2,179276,35850,27245,17163,492,124,9762,-296,47339,38733,142971,85503,81123,117,48,4214,57469,0,17849,37339,0,2214,0,67,0,455,6811023,1437330
1977:Q3,139376,56771,28063,17585,500,119,10156,-297,66891,38184,82393,68005,59953,171,67,7814,14388,0,-27459,45135,0,-1022,0,-2266,0,213,6950400,1479197
1977:Q4,157181,57755,28591,17455,532,114,10795,-304,67098,37934,99147,79096,68742,220,82,10054,20050,0,-27962,48448,0,-10,0,-426,0,280,7107581,1528880
1978:Q1,173254,70298,27316,17922,512,186,9013,-317,66540,23557,100413,67497,57166,257,37,10037,32916,0,-29553,65170,0,-1218,0,-1483,0,2543,7280835,1566088
1978:Q2,246728,41010,32070,19431,545,178,12249,-332,59299,50359,204055,97740,86430,321,60,10930,106316,0,36331,63941,0,2833,0,3211,0,1662,7527563,1615146
1978:Q3,246134,57780,30581,19064,487,162,11214,-345,74768,47569,187198,85121,72671,403,108,11940,102077,0,38721,57340,0,1967,0,4049,0,1156,7773697,1656310
1978:Q4,181906,60636,31073,19487,449,152,11342,-356,73732,44168,118672,87903,74038,459,148,13259,30768,0,-25649,60790,0,-2619,0,-1754,0,2598,7955603,1698742
1979:Q1,315192,65569,29438,18358,519,203,10727,-369,63245,27113,248410,124159,108367,422,113,15257,124251,0,38994,76823,0,2244,0,6190,0,1213,8270795,1751557
1979:Q2,275796,48080,27532,18098,437,193,9182,-378,68176,47628,224560,127756,110348,468,144,16796,96804,0,17346,77843,0,903,0,713,0,3156,8546591,1783199
1979:Q3,279323,51081,28334,18138,422,192,9969,-388,73154,50407,226430,99211,86501,455,174,12081,127219,0,45831,75715,0,2305,0,3368,0,1812,8825914,1836048
1979:Q4,270483,68741,25825,17201,361,197,8464,-398,87404,44488,196970,90463,71761,529,171,18003,106507,0,39200,68017,0,489,0,-1200,0,4772,9096397,1884378
1980:Q1,204440,68959,23176,15214,497,192,7685,-411,65215,19432,132546,127670,101353,827,210,25280,4876,0,-48894,63912,0,-3483,0,-6659,0,2935,9300836,1948375
1980:Q2,346151,63098,11773,10238,354,191,1410,-420,69574,18249,280999,98431,76576,871,179,20806,182568,0,96832,73737,0,4237,0,7762,0,2054,9646988,1978594
1980:Q3,391141,83419,14787,11177,345,193,3499,-427,104631,35999,314169,130684,113574,796,175,16140,183486,0,94744,77632,0,4571,0,6538,0,-6447,10038129,2047035
1980:Q4,321325,92009,19177,13976,313,197,5122,-431,115281,42450,237184,61898,45718,623,204,15353,175287,0,94875,74019,0,2527,0,3865,1,-7868,10359454,2125789
1981:Q1,194129,90367,19919,13201,377,203,6579,-441,79692,9245,105201,43192,31983,716,158,10336,62009,0,12382,51993,0,-603,0,-1763,0,-1438,10553583,2177067
1981:Q2,285973,67834,17365,12660,364,204,4579,-441,87869,37400,213670,183271,165646,738,231,16657,30400,0,-7981,42061,0,-305,0,-3375,0,4469,10839556,2215467
1981:Q3,105609,112291,17284,10984,412,228,6101,-440,125995,30988,-12947,108524,95093,468,155,12808,-121471,0,-129326,23072,0,-5341,0,-9876,0,6265,10945165,2300120
1981:Q4,313789,132736,10961,9034,424,260,1683,-440,148507,26731,173987,63362,51529,437,226,11170,110626,0,68505,33331,0,2337,0,6453,0,7065,11258954,2337014
1982:Q1,147688,119669,12614,8710,338,142,3893,-470,110146,3090,27739,100639,91330,407,184,8717,-72899,-0,-114392,41759,0,-3259,0,2993,-0,279,11406642,2372184
1982:Q2,139474,93583,12498,8527,345,188,3906,-468,105296,24212,41641,31739,22953,494,146,8146,9902,-0,-23771,31382,0,51,0,2240,0,4251,11546116,2409803
1982:Q3,218704,125838,12784,8653,391,237,3969,-466,136176,23122,82017,8539,4622,170,83,3664,73479,-0,45707,11696,0,4396,0,11679,-0,10849,11764820,2460346
1982:Q4,319426,87315,16953,10321,420,274,6402,-463,107354,36992,223328,34050,30982,21,99,2948,189278,0,166831,14921,0,7795,0,-269,0,8783,12084246,2496537
1983:Q1,340918,108157,22678,14619,327,138,8078,-485,98666,13187,194969,50599,43397,253,139,6811,144370,-0,91449,34673,0,4546,0,13702,-0,37792,12425164,2542271
1983:Q2,296769,111364,30012,17749,479,186,12085,-487,132453,51100,185970,37884,34689,49,66,3081,148086,0,112675,10463,0,7502,0,17447,0,-565,12721932,2583834
1983:Q3,158463,128217,35189,20624,583,212,14265,-495,150841,57813,34723,39823,34557,7,154,5106,-5101,-0,-26419,25702,0,-1156,0,-3227,-0,-4477,12880395,2656772
1983:Q4,100592,94359,39699,22044,739,234,17193,-510,117260,62600,22518,38866,32549,156,112,6051,-16348,-0,-57448,40668,0,-695,0,-3062,-5,-16285,12980987,2732466
1984:Q1,234063,105769,42405,22801,631,206,19276,-509,98759,35394,133717,161360,160421,-21,139,820,-27643,-0,-41773,14078,0,-3278,0,3330,0,-5423,13215050,2815063
1984:Q2,229518,123976,44101,23256,638,197,20542,-532,145826,65951,95655,133192,125169,102,16,7905,-37537,0,-36849,9547,0,-4232,0,-6003,0,9887,13444568,2888212
1984:Q3,333441,107320,42317,22747,614,191,19321,-556,120740,55737,213501,124292,121182,90,106,2914,89209,-0,53890,14722,0,6639,0,13959,0,12619,13778009,2948522
1984:Q4,285666,131369,43945,22789,612,192,20933,-581,154504,67080,153365,112106,109146,172,7,2781,41259,0,11785,21329,0,2434,0,5685,59,932,14063674,2991250
1985:Q1,401365,142340,45437,22768,499,210,22553,-593,146391,49488,257252,128476,121127,-44,60,7333,128776,-0,77238,14530,0,6289,0,30719,0,1773,14465040,3019219
1985:Q2,339647,81396,45162,22777,521,219,22266,-621,114828,78593,243090,150802,146828,41,34,3899,92289,-0,87946,1767,0,9475,0,-6899,-0,15161,14804687,3104431
1985:Q3,204194,71474,49778,23384,470,229,26346,-651,113706,92010,121800,160852,162074,108,38,-1367,-39052,0,-45607,21025,0,-1129,0,-13340,-0,10920,15008880,3120151
1985:Q4,498170,113627,46895,24691,522,249,22116,-682,181205,114473,455532,158123,153548,203,-30,4402,297409,-0,181696,45955,0,23139,0,46552,-6,-70989,15507051,3176512
1986:Q1,502459,154545,49372,26817,419,256,22559,-679,129765,24592,318214,89775,86756,321,95,2603,228439,0,163131,17448,0,22825,0,25034,-0,29700,16009509,3242404
1986:Q2,377743,116349,54606,29483,568,305,24959,-709,128411,66668,238473,132198,122784,570,58,8785,106275,-0,72539,21130,0,4604,0,8002,0,22921,16387252,3279727
1986:Q3,183200,124832,62998,30431,664,353,32289,-738,148823,86989,47401,136490,121706,442,-28,14370,-89090,0,-88114,33863,0,-4673,0,-30166,0,10967,16570452,3315453
1986:Q4,569620,189361,60163,30840,810,409,28870,-766,216484,87286,370504,118506,107695,77,-85,10820,251998,0,214149,32199,0,3451,0,1942,70,9756,17140072,3335966
1987:Q1,623581,118241,53665,31050,796,392,22215,-787,82778,18202,494570,121997,112102,281,64,9551,372573,-0,262851,37105,0,27915,0,44702,0,10770,17763652,3392286
1987:Q2,288776,89976,57689,31717,900,420,25459,-807,128372,96085,197973,130380,121553,-51,58,8819,67593,-0,24903,28659,0,-6499,0,20530,0,827,18052429,3389595
1987:Q3,412806,147387,61157,31914,881,406,28777,-821,167507,81277,261650,123755,115750,-5,90,7922,137895,-0,83756,26854,0,-1008,0,28292,-0,3769,18465234,3483129
1987:Q4,-64960,146656,57344,32701,661,362,24451,-830,152085,62773,-246227,76750,72520,851,295,3085,-322978,0,-259431,48885,0,-44534,0,-68475,-559,34611,18400274,3563869
1988:Q1,505905,171332,59834,31630,1020,592,27425,-834,145764,34265,324553,123254,122952,91,200,12,201300,-0,125783,50420,0,14526,219,10352,0,10019,18906179,3651096
1988:Q2,430797,101685,55796,28612,820,509,26698,-844,131702,85813,327484,180810,168134,210,228,12239,146674,0,91016,39972,0,5679,184,9823,-0,1628,19336976,3733634
1988:Q3,320023,144046,56997,32584,689,475,24107,-858,170557,83508,165478,120118,104437,275,173,15234,45359,-0,20588,37896,0,-251,153,-13027,-0,10499,19656998,3818096
1988:Q4,493305,161379,59161,33012,708,497,25824,-879,176800,74582,289161,104885,87683,893,182,16129,184276,0,143902,45204,0,-1359,-217,-3291,0,42765,20150303,3893495
1989:Q1,430252,104371,57372,32160,899,526,24684,-896,81261,34262,271991,104212,92559,379,213,11061,167779,-0,97944,41781,0,9788,-52,18319,-0,53890,20580555,3980878
1989:Q2,428416,74583,55468,30328,983,574,24513,-929,107562,88447,325869,118707,114932,162,176,3437,207162,0,118218,46157,0,21920,138,20728,0,27964,21008971,4021334
1989:Q3,540376,98029,56705,29974,1095,632,25973,-968,125695,84372,412080,186802,180125,392,98,6187,225278,-0,162726,27704,0,11527,156,23165,-0,30267,21549347,4071738
1989:Q4,399189,159012,50572,28847,926,639,21173,-1012,209822,101382,226313,92887,84089,417,151,8231,133426,0,80663,36612,0,-1462,22,17121,70,13864,21948536,4139149
1990:Q1,40873,184211,53048,26371,984,512,26213,-1032,170241,39078,-129889,-2162,-18068,490,228,15187,-127727,-0,-113209,14618,0,-14543,-318,-14275,-0,-13448,21989409,4232899
1990:Q2,293564,108344,48121,27516,892,566,20213,-1067,133331,73108,174811,50003,44381,219,212,5191,124808,0,76197,25897,0,11419,391,10904,0,10409,22282973,4302906
1990:Q3,-133866,153238,42119,23756,1015,613,17826,-1091,174702,63582,-307911,62389,55792,489,167,5941,-370300,-0,-315215,24114,0,-39007,-882,-39310,-0,20807,22149107,4358183
1990:Q4,456983,187163,36406,22100,1038,677,13697,-1106,217443,66687,263909,-28128,-37891,634,-62,9191,292037,-0,238643,10618,0,14599,274,27917,-157,5911,22606090,4380538
1991:Q1,503701,160542,29880,19246,929,511,10259,-1065,156583,25921,333729,-3077,-22664,733,371,18483,336806,0,278578,-16637,0,30289,640,43936,-0,9429,23109791,4416999
1991:Q2,85478,70637,31666,21516,930,609,9677,-1066,104335,65364,3302,37193,30791,-86,252,6237,-33891,-0,-28659,-1701,0,-140,148,-3539,0,11539,23195268,4474407
1991:Q3,338975,139398,34983,23324,1051,665,11009,-1065,146626,42211,188893,34325,25558,-182,179,8769,154568,0,129965,-20596,0,21692,283,23224,0,10685,23534244,4522073
1991:Q4,573993,158384,33373,24135,1118,766,8419,-1064,205261,80250,412474,23462,18167,-45,-213,5553,389012,0,361758,-34345,0,28310,595,32679,-95,3135,24108237,4590565
1992:Q1,8649,200899,40515,27385,732,776,12691,-1069,180715,20331,-97531,26398,23936,573,-178,2066,-123928,0,-76349,-23117,0,-8090,-170,-16202,0,-94720,24116886,4708396
1992:Q2,118939,89881,42523,28884,901,777,13029,-1067,91461,44103,-11900,21376,13263,-20,145,7989,-33275,-0,-29573,-14003,0,11946,-32,-1614,-0,40958,24235825,4784123
1992:Q3,383605,182974,44238,29184,860,718,14541,-1065,206594,67858,174271,88720,84367,230,161,3962,85551,-1,57926,1317,0,12126,226,13958,0,26360,24619430,4835461
1992:Q4,600951,143788,47979,31516,747,636,16144,-1063,169076,73267,413388,50171,44060,51,462,5600,363217,2,330383,-13519,0,11682,496,34378,-67,43774,25220380,4890790
1993:Q1,336330,139702,45979,31504,473,481,14585,-1064,101804,8081,185093,-15821,-14281,101,-203,-1439,200914,-4,129796,21113,0,27810,382,21817,-0,11535,25556710,4938702
1993:Q2,289766,113435,49575,31154,503,442,18543,-1068,132241,68380,174067,89058,77630,12,128,11289,85008,2,24798,27197,0,27823,119,5069,-0,2264,25846476,4987377
1993:Q3,431915,130665,53585,34640,518,431,19071,-1075,164098,87019,300258,95896,85521,-47,-128,10550,204362,-6,109092,37055,0,33310,438,24472,0,992,26278390,5013209
1993:Q4,452514,118651,58646,37295,532,338,21567,-1086,151857,91851,314703,91958,76521,183,640,14614,222745,3,176258,26369,0,5836,285,12701,56,19161,26730905,5077153
1994:Q1,148207,242914,60310,38990,563,414,21448,-1105,215486,32881,-86925,55533,52731,377,-37,2462,-142458,9,-121495,54993,0,-48553,-566,-26845,-0,-7782,26879112,5128478
1994:Q2,210155,116124,64597,42327,516,397,22481,-1123,137677,86150,89797,89407,78023,265,144,10975,390,7,-26962,51352,0,-20455,-76,-3476,0,4234,27089267,5208541
1994:Q3,394540,106087,61925,39042,458,361,23209,-1145,133940,89778,284676,87883,73777,18,397,13691,196793,3,94115,38840,0,26846,581,36408,-0,3777,27483807,5276837
1994:Q4,226178,112454,64708,38547,501,308,26523,-1171,168827,121081,100153,41985,40498,-245,633,1099,58168,4,59861,40710,0,-35533,-290,-6692,111,13572,27709985,5377530
1995:Q1,566399,167098,58835,36459,676,275,22623,-1198,139033,30769,389538,36820,22063,-113,933,13938,352717,-11,222767,25104,0,41109,1202,62546,-0,9763,28276384,5449491
1995:Q2,605163,121669,54919,33212,592,288,22038,-1211,159612,92861,474147,65934,63881,418,37,1599,408213,-16,234291,36325,0,63592,2112,71909,-0,9347,28881548,5496388
1995:Q3,458181,98327,59417,35439,500,307,24379,-1207,153330,114420,350959,-123592,-120357,57,394,-3687,474552,-1,288510,56077,0,54283,1576,74107,0,8894,29339728,5568821
1995:Q4,723186,181568,62602,37476,510,306,25496,-1187,214721,95754,478798,48357,50087,-88,-427,-1214,430441,-10,317648,45161,0,8192,802,58566,138,62819,30062914,5625106
1996:Q1,552012,218956,64594,39085,481,303,25940,-1214,212809,58447,343343,76860,69644,-383,401,7198,266483,20,158209,33019,0,17031,1059,57145,-0,-10287,30614926,5708977
1996:Q2,486843,94642,72092,44445,521,341,27963,-1177,123636,101086,363335,57159,69109,-487,126,-11590,306177,7,184841,38191,0,45853,885,36400,0,28866,31101769,5799069
1996:Q3,318277,88801,71551,43857,703,430,27704,-1143,116365,99115,227058,64227,65638,-64,-3,-1345,162831,0,50572,38396,0,25733,809,47321,-0,2418,31420047,5869286
1996:Q4,743782,175947,71809,43013,760,528,28619,-1111,204736,100598,558331,74343,80616,-205,-204,-5865,483988,28007,266802,85303,0,52824,1607,49615,82,9505,32163829,5939133
1997:Q1,308724,92291,76291,44511,948,460,31530,-1158,58477,42476,228953,84957,87145,-313,539,-2415,143997,-45474,98612,99343,0,-9776,138,1154,0,-12521,32472553,6020067
1997:Q2,1392112,92086,74182,45762,1166,599,27820,-1165,114541,96636,1300244,78982,96757,-388,512,-17899,1221262,33626,761165,74182,0,133601,4773,213914,-0,-218,33864665,6087066
1997:Q3,1033329,113963,79145,45070,1442,712,33134,-1211,156000,121182,934302,94138,104426,-376,193,-10105,840164,30000,442047,89231,0,104739,3432,170715,0,-14937,34897993,6175301
1997:Q4,629869,178220,83587,47480,1481,826,35098,-1297,191573,96940,459646,137959,146372,-793,-490,-7131,321687,28408,225031,131803,0,-34790,-271,-27616,-222,-7997,35527862,6286188
1998:Q1,1639214,188768,85924,49364,2728,639,34530,-1336,159504,56660,1424058,130206,143532,-729,-168,-12430,1293851,-5958,856743,56699,0,168593,5261,212513,0,26388,37167076,6420339
1998:Q2,719685,160754,105488,62987,2776,691,40472,-1438,195349,140082,532995,206984,220100,-567,275,-12825,326012,15660,166368,110323,0,44574,944,-11857,-0,25936,37886761,6522052
1998:Q3,-652868,191144,100030,55560,2728,762,42504,-1524,207699,116585,-869479,172691,186410,-389,152,-13483,-1042170,41987,-682659,61785,0,-185691,-6439,-271152,0,25468,37233893,6607201
1998:Q4,2075096,124954,110820,58514,2939,858,50104,-1595,161387,147252,1945158,175256,188204,-483,604,-13070,1769903,-25833,1184121,36531,0,212116,9014,354426,-473,4984,39308989,6674156
1999:Q1,312102,53867,105956,55774,3033,608,48163,-1622,36117,88207,234396,92335,113241,-225,-25,-20656,142062,-39774,111166,-39103,0,23460,1807,84495,-0,23839,39621092,6758699
1999:Q2,1120556,-122569,115042,58251,3117,719,54608,-1654,-81617,155994,1224663,216809,228004,-614,452,-11033,1007854,-59191,692742,109816,0,109530,4466,150466,0,18462,40741648,6801647
1999:Q3,-19749,-9505,119992,61756,3133,778,55988,-1662,31871,161368,-25872,282035,292792,-607,-20,-10131,-307907,-34849,-231148,195708,0,-102029,-3996,-131572,-0,15629,40721899,6887387
1999:Q4,2534806,88362,116293,59588,2895,811,54646,-1647,144685,172616,2385593,191989,205323,-58,978,-14255,2193604,-39390,1498217,70763,0,325501,13834,324604,-0,60851,43256705,7019003
2000:Q1,1061768,155672,130862,60544,3283,623,68083,-1672,153293,128483,961890,282220,292978,93,407,-11257,679670,-4908,445097,-28042,0,135615,5500,126382,0,-55793,44318473,7199618
2000:Q2,71206,25405,124056,61108,3471,640,60505,-1669,47517,146167,30502,460497,463795,-44,461,-3716,-429994,-864,-392370,177052,0,-127903,-4359,-81531,-0,15299,44389679,7319561
2000:Q3,638663,29874,122311,60003,3526,725,59758,-1702,82673,175110,599785,404586,420626,-108,359,-16291,195200,20493,-32372,183888,0,413,296,22481,0,9003,45028342,7464027
2000:Q4,-546082,344285,123233,62375,3478,813,58339,-1772,356837,135784,-884230,356253,361566,-643,87,-4758,-1240483,51258,-880603,93084,0,-276631,-8980,-218569,0,-6137,44482260,7556664
2001:Q1,-189516,280175,121945,61672,3903,657,57544,-1830,215153,56922,-574254,625775,638911,-532,-54,-12552,-1200028,20620,-664402,31484,0,-260557,-11588,-315513,0,104562,44292744,7673477
2001:Q2,1284916,84209,119583,64316,3349,556,53284,-1922,166875,202249,1168612,328338,349526,168,-119,-21237,840274,-16116,481944,122469,0,128194,4301,119453,-0,32095,45577659,7703502
2001:Q3,-1046101,211355,118617,64756,2999,447,52415,-2000,346577,253839,-1290310,311407,331663,-57,-349,-19850,-1601717,35122,-1028924,82845,0,-306999,-14702,-368975,0,32854,44531558,7883495
2001:Q4,1501986,233790,133086,63641,3465,611,67433,-2065,230336,129631,1242610,221671,236883,-437,-282,-14493,1020940,-27102,707213,-40160,0,203759,8854,168316,-0,25585,46033544,7755899
2002:Q1,651103,142839,131331,67964,3719,662,61024,-2038,146025,134517,505456,325392,351835,327,260,-27030,180064,-23559,83306,94920,0,-45450,2140,68692,0,2808,46684646,7957569
2002:Q2,-602751,95235,131752,69630,4071,847,59280,-2075,152903,189420,-760162,269620,284553,-95,-254,-14585,-1029782,31435,-669222,77652,0,-201498,-11951,-256125,-0,62176,46081895,8080919
2002:Q3,-1111449,-51760,136571,71042,4239,934,62457,-2101,34324,222655,-1061221,310826,326892,-1439,36,-14662,-1372047,67410,-968720,106934,0,-270874,-13604,-293086,0,1532,44970446,8132548
2002:Q4,926654,258366,131390,72495,4034,858,56116,-2114,375001,248025,869020,328211,349648,-230,-492,-20716,540809,2136,221505,108425,0,74212,5166,129194,123,-200732,45897100,8220458
2003:Q1,276702,-13186,130994,75651,3812,855,52782,-2107,44707,188888,197089,329434,360290,-1314,-158,-29383,-132345,2120,-162448,147401,0,-34136,-2331,-82933,-0,92799,46173802,8285363
2003:Q2,1897979,254477,139330,77601,3981,815,59044,-2111,503169,388022,1715770,307735,330578,-843,570,-22569,1408035,37301,708348,121648,0,236110,12205,292321,0,-72268,48071781,8387901
2003:Q3,910421,135132,153091,85343,4161,870,64836,-2118,237231,255191,783447,289922,310740,-1298,530,-20051,493525,-22789,276271,88956,0,85848,4157,61052,0,-8158,48982201,8586985
2003:Q4,1912205,277482,158435,92052,4186,820,63505,-2129,357593,238546,1534974,351592,368017,53,270,-16747,1183382,-598,624700,75390,0,207913,12144,264549,-797,99749,50894407,8652611
2004:Q1,2484184,283762,160590,93146,4112,1028,64539,-2234,305794,182623,1365392,679117,684179,-647,-41,-4374,686275,20126,326387,203400,0,94983,3944,37405,0,835030,53378590,8758765
2004:Q2,895097,-31598,164619,99995,4260,887,61700,-2222,122386,318603,890234,598124,602015,512,-51,-4352,292110,-102016,76524,319958,0,-2887,661,-134,0,36461,54273687,8907978
2004:Q3,1258231,197730,168396,102669,4082,766,63055,-2176,288074,258739,1013457,710088,741092,-792,97,-30309,303369,67451,-50150,329606,0,19978,-760,-62752,0,47044,55531918,9009501
2004:Q4,2226431,233682,173889,105052,4016,624,66292,-2096,423727,363935,1928567,608352,602909,716,660,4067,1320215,7292,711821,126267,0,200976,12863,261865,-940,64182,57758350,9192274
2005:Q1,920040,131247,175421,109200,4131,823,63607,-2340,163766,207940,753327,619608,625550,634,111,-6687,133720,-32353,88874,218913,0,-78981,-3717,-58963,0,35466,58678390,9120285
2005:Q2,1527821,193751,183434,113951,3994,720,67029,-2260,339505,329188,1276173,631857,635339,-214,540,-3808,644316,26091,215221,294542,0,13162,4051,91188,0,57897,60206211,9261799
2005:Q3,1697429,72418,190364,121144,3972,617,66864,-2232,234675,352621,1758859,771238,799927,-1642,263,-27309,987621,-14643,370666,376687,0,97425,6142,151256,0,-133848,61903640,9396375
2005:Q4,1420097,287004,178476,120702,3673,400,55955,-2254,408329,299801,1087873,622968,630394,-648,822,-7600,464905,-8986,154707,204258,0,-2083,3053,112327,1587,45220,63323737,9556135
2006:Q1,2001109,238930,187272,121044,4461,548,63608,-2389,371808,320150,1399892,15377,24486,-590,547,-9067,1384515,-30815,968243,122672,0,154094,7351,162504,317,362287,65324846,9783857
2006:Q2,266249,57589,173378,111351,4429,584,59463,-2449,259731,375520,140669,343736,355552,-696,-76,-11044,-203068,-32327,-244013,211845,0,-60830,-3642,-73739,-291,67991,65591095,9906545
2006:Q3,1141431,60680,163690,101775,4393,699,59392,-2570,221572,324582,1092085,230145,239849,587,54,-10344,861940,57081,336198,209337,0,129480,6412,123395,-89,-11334,66732526,9992331
2006:Q4,1493977,139937,153249,92082,4363,823,58732,-2751,261521,274833,1328997,34526,52549,395,333,-18751,1294471,-7917,722583,141868,0,200292,12038,225311,66,25044,68226503,10097401
2007:Q1,931506,227242,147040,84341,4587,702,60079,-2669,266647,186445,536591,-281944,-269556,529,790,-13706,818534,-6784,615463,78584,0,71878,2398,57367,-416,167673,69158009,10267698
2007:Q2,718429,-174970,136702,75297,4539,678,58997,-2808,-6725,304947,815713,-107154,-96369,463,759,-12008,922867,-42477,409926,131436,0,208528,9896,205125,253,77686,69876438,10406081
2007:Q3,810418,644960,126542,66362,4554,730,57767,-2871,760250,241832,128691,-221739,-199861,-1077,645,-21446,350430,5609,111501,47479,0,88932,5696,90587,528,36767,70686856,10482565
2007:Q4,-807416,536346,112158,52902,4678,949,56488,-2859,632974,208787,-1345478,-417289,-406100,-1657,109,-9641,-928189,-112612,-406025,-140657,0,-133524,-6512,-128317,-434,1716,69879440,10602170
2008:Q1,-2188599,384487,91919,40250,5681,1373,47404,-2788,446644,154076,-2651434,-895796,-896224,-1796,1038,1186,-1755638,-44864,-647035,-353181,0,-335993,-18517,-356467,727,78348,67690841,10733994
2008:Q2,-1083993,95844,80279,34537,5771,1661,41026,-2716,-1341,-16906,-1153757,-578818,-561741,-2014,599,-15662,-574938,-25239,-410258,-33602,0,-40300,-3456,-61470,-552,-26081,66606848,11061837
2008:Q3,-2445579,389671,64084,29382,5888,1848,29628,-2662,494304,168716,-2860475,-629358,-629620,630,269,-637,-2231117,-167571,-918236,-198819,0,-492206,-22590,-431155,-131,25224,64161268,10964447
2008:Q4,-3151076,545744,33936,22168,5062,2108,7223,-2626,281165,-230643,-3664928,-649942,-634494,4233,-972,-18709,-3014986,20843,-1276613,-345502,0,-685707,-35229,-691988,-98,-31892,61010192,10912439
2009:Q1,-1849876,335563,21183,11850,3690,1482,6795,-2634,270936,-43444,-2499019,-686261,-665997,1182,-460,-20986,-1812759,19466,-1052182,-365825,0,-185711,-9338,-218876,-98,313581,59160317,10830420
2009:Q2,388469,-25025,14339,6221,3817,2080,4832,-2610,-14000,25364,456058,-759860,-750647,-333,-508,-8373,1215918,119170,840335,-526738,0,384252,18403,380110,-134,-42564,59548786,10946227
2009:Q3,1769493,118760,25909,7455,4451,2382,14204,-2582,151809,58958,1629553,-389734,-356323,-1633,-327,-31452,2019287,213237,1046827,-133025,0,433991,21622,436830,-676,21180,61318280,10888261
2009:Q4,132432,326415,20792,6417,4646,2516,9763,-2550,362142,56519,-180260,-319784,-337475,-2371,960,19103,139524,-61991,155193,-206230,-302,117562,6448,129375,-639,-13722,61450712,10988307
2010:Q1,1216148,382701,20057,7484,3816,2190,9107,-2539,235692,-126952,690575,-82602,-60158,-3841,-167,-18437,773178,9243,404135,73250,-455,135698,6342,145542,-661,142871,62666860,11096944
2010:Q2,-533358,249094,17797,-141,4182,1806,14455,-2505,215719,-15578,-1057569,12418,46103,-1,663,-34347,-1069987,56550,-768209,284399,-307,-305271,-14389,-321998,-570,275117,62133501,11298797
2010:Q3,2060234,223986,26935,5898,4742,1784,16984,-2473,164718,-32333,1538833,-178159,-151522,1230,-337,-27530,1716992,112299,767807,106314,-144,364611,15197,350567,119,297415,64193735,11381992
2010:Q4,1682133,465923,32821,5239,4949,1940,23139,-2445,456438,23336,888716,-250539,-244935,1140,1257,-8002,1139255,-167655,763834,23897,-104,229307,12570,277988,-758,327494,65875868,11498297
2011:Q1,1115416,341694,29988,1216,5122,2120,23961,-2431,325650,13944,752552,-271744,-281050,-670,1176,8800,1024296,-23572,636433,37204,1019,173907,8431,190779,-21,21170,66991284,11711592
2011:Q2,395714,374626,31576,5334,5362,2322,20961,-2403,336616,-6434,-25843,-121427,-142447,542,629,19850,95584,92263,-8244,-2388,-73,9045,206,4738,34,46931,67386998,11803351
2011:Q3,-1897158,497481,35014,8400,6047,2373,20567,-2373,488143,25675,-2395401,-100702,-101667,-484,461,989,-2294699,100392,-1297139,52374,-62,-570870,-23236,-555740,-94,762,65489840,11921126
2011:Q4,1440982,379712,38065,7437,6190,2426,24353,-2340,366734,25086,1036329,-79114,-69250,445,19,-10328,1115443,24425,482570,92043,-7,235995,10565,269707,-23,24941,66930822,11987448
2012:Q1,1985739,282034,52307,13618,5782,2728,32491,-2310,204343,-25383,1501018,-202778,-204238,-1040,729,1771,1703796,14546,797972,38175,-6,422642,17232,412284,688,202688,68916562,12252058
2012:Q2,101852,310947,50951,15134,6007,2716,29380,-2285,273659,13663,-165460,153633,174584,-1838,218,-19331,-319093,49609,-222263,151685,-43,-146632,-6663,-145340,657,-43635,69018414,12364178
2012:Q3,1924881,370945,53618,17250,5644,2550,30445,-2270,361877,44550,1566708,255850,274680,-567,539,-18802,1310858,67552,541061,234031,0,231491,9661,227493,-591,-12771,70943295,12301844
2012:Q4,1016716,470209,62211,21363,5849,2590,34675,-2266,411024,3026,540321,202143,211051,-345,-722,-7842,338178,-18392,185620,112726,0,31693,1615,25472,-583,6186,71960011,12715043
2013:Q1,2830063,364765,73666,26644,8869,3038,37474,-2357,283389,-7710,2267820,392994,406935,-1443,-676,-11824,1874826,-33157,1198440,106224,0,274159,12469,317184,-668,197477,74790073,12254044
2013:Q2,1230363,111078,74304,30635,8146,2574,35264,-2315,84063,47289,818734,543485,575347,-1276,948,-31534,275248,-167137,178287,301545,0,-36646,-294,210,-712,300552,76020437,12353217
2013:Q3,2543411,144261,74784,31324,7600,2515,35638,-2293,145110,75633,2114314,588452,614363,-619,705,-25996,1525861,-38211,710127,299091,0,280232,10093,264341,41,284836,78563848,12447306
2013:Q4,2225005,278037,73993,30200,7688,2302,36095,-2291,390284,186241,1731398,302664,327101,-1175,1961,-25223,1428735,-23463,699965,92548,0,311098,11690,337045,-321,215570,80788853,12510375
2014:Q1,1687745,415658,72218,29369,7082,1752,36329,-2314,350833,7394,1228185,194696,230012,-1413,692,-34595,1033489,74698,765993,-2372,0,94677,4129,96222,79,43903,82476599,12714403
2014:Q2,2180708,265551,84356,33208,7405,1841,44242,-2340,266517,85322,1745746,474924,501698,-596,-412,-25766,1270821,51810,537320,233828,0,222457,8053,217156,72,169411,84657306,12931863
2014:Q3,679388,308341,89256,35313,7701,1868,46769,-2395,224729,5644,293755,400766,412246,-1016,321,-10785,-107011,36533,-195726,238087,0,-111919,-2676,-71735,467,77292,85336694,13089118
2014:Q4,1557442,481271,95002,39858,7614,2104,47905,-2478,465027,78759,1018133,261482,291621,-692,226,-29673,756651,17472,380271,179329,0,44557,5012,129458,478,58039,86894137,13258193
2015:Q1,1630102,667293,97467,43180,7007,1809,47988,-2517,569768,-58,939418,374321,399637,501,1590,-27408,565097,19309,95326,191511,0,135145,4477,118636,617,23391,88524239,13380512
2015:Q2,809818,165109,106811,47037,7556,2141,52671,-2594,198175,139877,616907,475337,465634,-563,191,10075,141570,-77868,46730,228273,0,-23050,-1648,-31092,249,27802,89334056,13487843
2015:Q3,-979479,294675,108244,49492,7869,2312,51221,-2649,317182,130751,-1305145,379752,404912,-1679,-871,-22611,-1684897,17595,-902323,113491,0,-477823,-17303,-418449,167,30991,88354577,13598262
2015:Q4,1496448,454909,108327,50989,7806,2715,49500,-2683,451048,104466,1144807,241974,268654,-1499,-2609,-22571,902832,-7753,570418,-9517,0,160187,6221,183064,117,-103267,89851026,13664798
2016:Q1,1148992,545206,116758,54456,8286,1845,54896,-2725,456191,27743,593449,179939,190914,-1251,-1446,-8278,413510,49812,300061,25248,0,-43572,2072,79926,-69,10337,91000017,13782355
2016:Q2,1717569,208221,118862,58146,7647,2015,53840,-2786,226877,137518,1502567,584135,583587,-1051,958,641,918432,77346,304144,286966,0,120077,5941,123799,64,6781,92717587,13841829
2016:Q3,1693446,91314,120580,58838,7154,2010,55426,-2848,145891,175157,1682817,520445,556735,-537,206,-35959,1162371,-26811,485765,223875,0,247851,9125,222263,155,-80685,94411033,13968108
2016:Q4,687439,-15601,123672,61288,7077,2158,56062,-2913,-31319,107953,406887,336121,364949,-238,1936,-30525,70765,-139509,160768,54181,0,-25142,-1919,21888,529,296153,95098472,14123300
2017:Q1,2359315,505933,122241,63521,7273,2151,52197,-2900,447124,63432,1838490,304402,309642,-946,-572,-3723,1534088,11098,842047,33470,0,333908,11967,301345,53,14892,97457787,14353057
2017:Q2,2181455,210520,120575,65314,5689,1173,51386,-2986,251666,161722,1866179,639990,669291,-276,1494,-30519,1226190,36569,353947,438811,0,206107,7504,183085,38,104756,99639242,14538770
2017:Q3,1710795,171239,123578,64726,5595,1170,55185,-3097,201899,154239,1587738,423170,467317,-152,1105,-45101,1164568,10187,539291,91512,0,267575,9646,246914,-729,-48182,101350037,14692114
2017:Q4,2553169,438894,138621,68867,6283,1426,65277,-3232,499457,199183,2049303,379573,392311,-323,1379,-13794,1669729,-4886,1009177,138131,0,244316,9838,274295,-1324,64972,103903206,14871770
2018:Q1,1073037,546963,138410,66826,7237,2200,65466,-3318,463226,54673,453973,610080,613363,-672,1610,-4222,-156107,-63003,-131455,168456,0,-61499,-2258,-65757,-548,72101,104976243,15133060
2018:Q2,1243042,57889,138654,69218,7222,2618,63029,-3432,53869,134634,1103626,327698,338694,-639,651,-11009,775928,-6202,403259,166752,0,76435,5374,130544,-339,81527,106219285,15349067
2018:Q3,1994335,324773,133934,67404,6756,2522,60760,-3508,356272,165433,1647348,326501,348591,1841,12,-23943,1320847,-32606,660878,135702,0,244948,10845,299820,1043,22214,108213620,15563067
2018:Q4,-3751043,431939,127913,62978,7015,2859,58606,-3545,440840,136814,-4000354,182596,189067,-1186,-567,-4718,-4182949,36641,-2357007,-26562,0,-937371,-31050,-867953,988,-182628,104462577,15770966
2019:Q1,6051214,865242,123183,61020,8476,2632,54522,-3466,764806,22747,4700218,577289,553760,724,999,21806,4122930,74677,2269959,238945,0,765981,28279,743601,898,485754,110513792,15997304
2019:Q2,2245758,396783,127571,61975,8077,2631,58317,-3429,464438,195226,1811052,449956,468339,552,717,-19652,1361095,81148,415732,344938,0,256645,9995,251420,1003,37924,112759550,16074939
2019:Q3,730191,357102,134219,65800,7174,2669,61988,-3412,417151,194268,331871,204329,228889,-588,-110,-23862,127542,56371,-71138,95993,0,6702,1951,36382,1238,41218,113489741,16222057
2019:Q4,3385966,835946,134053,67228,6389,2917,60933,-3413,886395,184503,2401128,230148,247554,-1756,-1339,-14313,2170981,-31923,1223946,490,0,485298,16129,475688,988,148892,116875707,16363691
2020:Q1,-6143584,964689,123093,76667,6011,2212,41631,-3427,903082,61486,-7000923,646402,648240,3740,867,-6446,-7647325,108981,-4931943,231173,0,-1599817,-47669,-1407051,106,-107350,110732123,16521436
2020:Q2,7879970,1266152,98147,60441,3701,2527,34909,-3430,1176999,8993,6650918,575525,615701,3385,2271,-45833,6075393,35029,3522534,91187,0,1228991,40684,1154992,1020,-37101,118612093,18086869
2020:Q3,4468091,258942,194982,85971,6003,2747,103679,-3417,324683,260723,4055408,823453,755758,636,427,66631,3231956,-97,1817115,354878,0,535545,16616,508889,-1386,153741,123080184,17586022
2020:Q4,8211572,1011649,206165,99004,5667,2609,102273,-3388,1077437,271953,7126425,1004502,951536,-117,3084,49999,6121923,7167,3857227,288104,0,984568,33109,955252,-4304,73498,131291756,17304892
2021:Q1,5323317,735377,227604,102185,6953,3115,118740,-3387,674864,167092,4259751,1256027,1239808,3122,-1358,14455,3003724,-108818,2044569,407799,0,334808,7761,318235,-820,328189,136615073,19607748
2021:Q2,6698212,428862,251518,103625,5785,2715,142734,-3340,523560,346216,6763393,2412562,2219898,-3165,514,195315,4350831,36016,2275470,750410,0,595982,28361,664503,-611,-494044,143313285,18359155
2021:Q3,3651312,539358,214081,107634,4365,2431,102943,-3292,672403,347126,3084903,2094445,1943715,8203,1281,141246,990459,-31718,351780,825727,0,-84468,-2555,-66772,-1471,27050,146964596,18398833
2021:Q4,4340905,758690,220993,108974,3054,1770,110439,-3243,923739,386042,3818960,930561,772384,9464,1662,147052,2888399,-2463,1376267,524556,0,452896,14569,522823,-613,-236745,151305502,18491864
2022:Q1,1583749,657629,222173,107685,5435,2716,109622,-3284,729861,294405,1129777,3670991,3493357,5404,690,171539,-2541214,-176712,-1327675,517330,0,-819137,-26202,-707535,-622,-203657,152889251,18303323
2022:Q2,-5682262,-52606,203010,106291,4109,2024,93848,-3262,111894,367510,-5308478,2312284,2261836,8599,1395,40454,-7620761,-115922,-5212084,712921,0,-1525129,-46929,-1431724,-754,-321178,147206989,18555594
2022:Q3,-3487025,243570,176297,86470,3501,1445,88150,-3269,389972,322699,-3620014,-1262044,-1341331,6119,1236,71932,-2357970,-136403,-1109670,-36099,0,-568270,-17848,-488147,-1115,-110581,143719964,19074878
2022:Q4,1180884,538608,151811,74576,3321,1311,75909,-3305,576386,189589,1172802,-1080386,-1080093,6158,649,-7100,2253188,59621,1556743,-432183,0,545847,17558,506661,-1456,-530526,144900848,19442254
2023:Q1,3233527,730644,166200,71428,4655,2957,90524,-3364,597646,33202,2322561,-126183,-142192,9678,565,5766,2448744,97401,1550594,-201453,0,479577,18489,504970,-1238,180322,148134375,20146974
2023:Q2,5524575,263636,159996,72358,4406,2431,84208,-3406,272293,168653,5191225,2261193,2251752,239,552,8650,2930031,-66479,1846762,252387,0,416967,12928,465893,1287,69715,153658950,20460371
2023:Q3,-1338156,281489,154376,73424,3744,2131,78504,-3426,307372,180260,-1740355,298630,363532,4355,1076,-70333,-2038984,-187797,-1068457,-36238,0,-375135,-12918,-358168,21,120710,152320794,20666370
2023:Q4,4282180,505773,155519,76852,3192,2003,76894,-3423,517213,166959,4027068,-749258,-703621,2671,929,-49236,4776326,286708,3121761,-495728,0,899884,29295,933759,-26,-250661,156602974,20913482
2024:Q1,6580947,580820,175401,86581,4289,2933,85031,-3432,475652,70233,5947935,1888478,1873969,6111,702,7697,4059457,-61620,2901626,-194909,0,675569,19789,718438,103,52192,163183921,21378574
2024:Q2,3107779,349709,171013,84937,3645,2229,83612,-3410,343032,164336,2786030,1707406,1734706,3830,2897,-34028,1078625,-14107,677583,98802,0,131937,3707,180480,138,-27961,166291700,21568622
2024:Q3,3971999,775088,171175,80949,4133,2313,87170,-3390,777355,173442,3562301,-333732,-311963,5357,3283,-30409,3896032,197251,2377174,33546,0,628388,21884,632941,4370,-365389,170263699,21662565
2024:Q4,638157,658902,186650,84835,3736,2599,98854,-3374,706834,234582,-304086,-419839,-441265,2446,3166,15814,115753,-172044,449396,78075,0,-189835,-6305,-43525,126,283341,170901856,21924638
2025:Q1,-1594587,833359,180403,86590,5311,2715,89204,-3417,667937,14981,-2506933,-245306,-284568,2019,1356,35888,-2261627,62120,-1817422,23938,0,-205897,-6781,-317446,0,78987,169307269,22276029
