date,FU216902505.A,FU216300001.A,FU216902605.A,FU216025001.A,FU216020001.A,FU216401005.A,FU216402101.A,FU216140005.A,FU216402101.A,FU216240001.A,FU216402015.A,FU216150195.A,FU216130101.A,FU216121101.A,FU216112101.A,FU216130095.A,FU216140005.A,FU216220005.A,FU216601001.A,FU216404001.A,FU216403105.A,FU216403001.A,FU216012005.A,FU216901001.A,FU216006095.A,FU216006395.A,FU216006095.A,FU215440005.A,FU215050905.A,FU215019001.A,FU216300001.A,FU215420003.A,FU215000995.A,FU215000995.A,FU214090005.A,FU214000005.A,FU213020005.A,FU213030000.A,FU214022005.A,FU213069103.A,FU213061103.A,FU213061703.A,FU213062003.A,FU213063003.A,FU214035005.A,FU212051003.A,FU214023005.A,FU213081005.A,FU213034003.A,FU213064103.A,FU213064203.A,FU213096005.A,FU213070003.A,FU213078005.A,FU213093003.A,FU214190005.A,FU213162005.A,FU213162400.A,FU213162200.A,FU213169203.A,FU223073045.A,FU213170003.A,FU215000005.A,FV218090185.A,FV212010095.A,FV218090085.A,FU217005045.A,FR212010095.A,FR215015605.A,FR215013265.A,FR215013765.A,FR214090005.A,FR214022005.A,FR213081005.A,FR223073045.A,FR212090095.A,FC212090095.A,FL212000095.A,LM212010095.A,LM215015605.A,LM215013265.A,LM215013765.A,FL214090005.A,FL214000005.A,FL213020005.A,FL213030000.A,FL214022005.A,FL213069103.A,FL213061103.A,FL213061703.A,FL213062003.A,FL213063003.A,FL214035005.A,FL212051003.A,FL214023005.A,FL213081005.A,FL213034003.A,LM213064103.A,LM213064203.A,FL213096005.A,FL213070003.A,FL213078005.A,FL213093003.A,FL212100005.A,FL214190005.A,FL213162005.A,FL213162400.A,FL213162200.A,FL213169203.A,FL223073045.A,FL213170003.A,FL212090095.A
1960,33600,4526,29074,27911,25137,2774,1163,30386,1163,31475,-0,1323,1047,0,276,3575,30386,5479,461,4561,4290,0,36055,33539,2517,5523,2517,-3006,10446,14107,4526,865,-4923,-4923,2628,1365,-13,1378,1434,0,897,504,33,0,-560,-752,192,0,0,0,0,389,339,-1,51,8509,5310,284,5026,205,2074,920,-5881,-5112,0,-4154,958,-379,-394,8,7,0,0,0,-15,-364,46,241516,204261,198364,5123,774,37255,13023,8466,4557,17536,0,13739,1050,2747,0,1406,-176,1582,0,0,0,0,5290,4214,553,523,241516,128562,70971,3457,67514,1240,48850,7501,112954
1961,36571,4789,31782,30552,27401,3151,1230,32505,1230,33807,-0,1417,1061,0,356,3949,32505,5846,492,4982,4941,0,38802,36606,2196,5486,2196,-3290,11455,15252,4789,992,-5969,-5969,2399,880,-28,908,749,0,263,470,16,0,388,121,267,0,0,0,0,382,307,90,-15,8924,5378,236,5142,226,2325,995,-6525,-4738,0,-4183,556,1987,1990,-11,9,0,0,0,-149,2136,2884,256366,216712,210372,5485,855,39654,13903,8438,5465,18285,0,14002,1520,2763,0,1794,-55,1849,0,0,0,0,5672,4521,643,508,256366,140528,76349,3693,72656,1466,54217,8496,115838
1962,39253,5135,34118,32819,29717,3102,1299,34534,1299,36251,-0,1538,1113,0,425,4554,34534,6528,548,5340,5453,0,41723,38672,3052,6577,3052,-3525,12019,16097,5135,1057,-5442,-5442,3384,1077,92,985,1312,0,1155,347,-190,0,772,521,251,0,0,0,0,223,323,27,-127,9831,5451,-11,5462,504,2829,1047,-6447,3381,0,4387,1005,4362,4376,-21,7,0,0,0,96,4266,14224,275074,232036,225234,5856,946,43038,14980,8530,6450,19597,0,15157,1867,2573,0,2566,466,2100,0,0,0,0,5895,4844,670,381,275074,145012,81800,3682,78118,1970,51699,9543,130062
1963,42665,5506,37159,35629,32095,3534,1530,36854,1530,38700,-12,1637,1245,0,392,5001,36854,7067,629,5697,5973,0,44826,41549,3278,7420,3278,-4142,13414,17769,5506,1151,-5995,-5995,3507,2579,936,1643,1453,0,1157,535,-239,0,-1014,-1211,197,0,0,0,0,489,464,78,-53,9719,5240,446,4794,233,3104,1142,-6212,-2651,0,-2434,217,3587,3536,42,10,0,0,0,-291,3878,8646,294432,247887,240427,6396,1064,46545,17559,9466,8093,21050,0,16314,2402,2334,0,1552,-745,2297,0,0,0,0,6384,5308,748,328,294432,155724,87040,4128,82912,2203,55796,10685,138708
1964,46401,5910,40490,38863,35024,3839,1627,39942,1627,41845,-10,1911,1485,0,426,5431,39942,7928,682,6154,6755,0,49153,45233,3920,8641,3920,-4721,14622,19274,5910,1258,-5981,-5981,4190,2981,1262,1719,1438,0,1019,530,-111,0,-786,-1013,227,0,0,0,0,557,532,44,-19,10731,6120,761,5359,261,3102,1248,-6541,-3772,0,-3212,560,3310,3273,23,14,0,0,0,-229,3538,8407,315295,264560,256340,7022,1198,50735,20540,10728,9812,22488,0,17333,2932,2223,0,766,-1758,2524,0,0,0,0,6941,5840,792,309,315295,168180,93160,4889,88271,2464,60623,11933,147115
1965,50780,6427,44353,42689,38410,4279,1663,43257,1663,45282,-18,2198,1751,0,447,5869,43257,8573,758,6651,7421,0,53358,49693,3665,8412,3665,-4747,16032,21165,6427,1294,-7620,-7620,6177,1797,-577,2374,2303,0,2191,168,-56,0,1239,1050,189,0,0,0,0,838,763,77,-2,12457,7237,618,6619,313,3526,1381,-6280,-2649,0,-3990,-1341,8970,8888,67,15,0,0,0,-149,9118,14881,345178,288266,279209,7708,1349,56912,22337,10151,12186,24791,0,19524,3100,2167,0,2005,-708,2713,0,0,0,0,7779,6603,869,307,345178,183182,100397,5507,94890,2777,66694,13314,161996
1966,56330,7091,49239,47657,42549,5108,1583,46507,1583,48762,-24,2618,2091,0,527,6432,46507,10006,821,7621,10404,0,60117,55391,4726,9870,4726,-5144,17759,23479,7091,1371,-7889,-7889,4087,1816,540,1276,-208,0,573,-739,-42,0,1688,1513,175,0,0,0,0,791,641,5,145,11607,6236,661,5575,627,3209,1535,-7520,-5299,0,-5668,-369,14002,13771,210,21,0,0,0,188,13814,18385,379656,318657,308507,8612,1538,60999,24153,10691,13462,24583,0,20097,2361,2125,0,3693,805,2888,0,0,0,0,8570,7244,874,452,379656,199275,106633,6168,100465,3404,74389,14849,180381
1967,62156,7766,54390,52839,47371,5468,1551,50140,1551,52773,-26,3001,2365,0,636,7159,50140,11200,877,9232,12314,0,65299,61291,4009,9097,4009,-5088,19337,25722,7766,1381,-10240,-10240,3470,3166,736,2430,35,0,-355,390,0,0,-434,-549,115,0,0,0,0,703,578,125,0,13234,7151,1823,5328,175,4221,1687,-9764,-4018,0,-4494,-476,12159,11833,290,37,0,0,0,-431,12590,17669,413242,348773,337432,9579,1762,64469,27319,11427,15892,24618,0,19742,2751,2125,0,3259,256,3003,0,0,0,0,9273,7822,999,452,413242,215192,113793,8000,105793,3579,81284,16536,198050
1968,70256,8600,61656,60178,53543,6635,1478,56226,1478,59535,-27,3476,2759,0,717,8236,56226,13862,942,11446,13319,0,72903,69435,3468,10309,3468,-6841,20943,28128,8600,1414,-10634,-10634,5903,2557,-661,3218,3636,0,184,3406,46,0,-1337,-1529,192,0,0,0,0,1047,947,185,-85,15806,8443,143,8300,310,5182,1871,-9903,-10509,0,-11240,-731,18525,18139,298,89,0,0,0,-582,19107,18906,457199,386827,374222,10563,2042,70372,29876,10766,19110,28254,0,19926,6157,2171,0,1922,-1273,3195,0,0,0,0,10320,8769,1184,367,457199,240243,122132,8143,113989,3993,95711,18407,216956
1969,78530,9645,68885,67459,59560,7899,1426,62616,1426,66044,-25,4341,3574,0,767,9170,62616,16416,1026,13217,15257,0,82098,78973,3124,9967,3124,-6843,20154,28818,9645,981,-10187,-10187,5954,-4011,1879,-5890,4497,0,3081,1351,65,0,4329,3872,457,0,0,0,0,1139,1239,10,-110,20222,11386,2766,8620,746,6066,2024,-14268,-15068,0,-10987,4081,31791,31203,468,120,0,0,0,288,31503,26402,514126,437800,423629,11790,2381,76326,25865,12645,13220,32751,0,23007,7508,2236,0,6251,2599,3652,0,0,0,0,11459,10008,1194,257,514126,270768,133518,10909,122609,4739,112080,20431,243358
1970,88695,10946,77750,76318,67585,8733,1432,68844,1432,73332,-24,5157,4336,0,821,11053,68844,17957,1089,16101,20095,0,91884,90441,1443,7655,1443,-6212,19488,29336,10946,1098,-11833,-11833,4336,9038,-967,10005,-2251,0,-67,-2332,148,0,-3098,-4015,917,0,0,0,0,647,622,65,-40,21176,11983,2343,9640,77,6929,2187,-16840,-12142,0,-7136,5007,43144,42418,597,129,0,0,0,-662,43806,39318,579997,499335,483427,13153,2755,80662,34903,11678,23225,30500,0,22940,5176,2384,0,3153,-1416,4569,0,0,0,0,12106,10630,1259,217,579997,297321,145501,13252,132249,4816,124386,22618,282676
1971,99378,12227,87150,85882,75266,10616,1268,74836,1268,81501,-34,5487,4582,0,905,13386,74836,20186,1174,19332,24130,0,100994,102279,-1285,5718,-1285,-7003,20112,30711,12227,1628,-14393,-14393,9264,8143,984,7159,-2777,0,-353,-2172,-252,0,1632,553,1079,0,0,0,0,2266,929,1246,91,28166,16065,2483,13582,365,9342,2394,-18902,-26008,0,-21500,4508,32619,32226,271,122,0,0,0,-2114,34733,14443,640365,550439,533184,14147,3108,89926,43046,12662,30384,27723,0,22587,3004,2132,0,4785,-863,5648,0,0,0,0,14372,11559,2505,308,640365,343246,161566,15735,145831,5181,151487,25012,297119
1972,110257,13314,96943,95502,82844,12658,1441,80926,1441,89447,-53,5924,4937,0,987,15834,80926,26135,1320,21953,32846,0,119274,113201,6072,13342,6072,-7270,19684,31342,13314,1656,-6342,-6342,17305,7545,768,6777,5331,0,2309,3321,-299,0,1298,-89,1387,0,0,0,0,3131,1454,1779,-102,26844,13618,52,13566,345,10346,2535,-9539,-28218,0,-25021,3197,34381,33952,297,133,0,0,0,-3124,37505,22629,710080,602849,583972,15401,3476,107231,50591,13430,37161,33054,0,24896,6325,1833,0,6083,-952,7035,0,0,0,0,17503,13013,4284,206,710080,390332,175184,15787,159397,5526,182075,27547,319748
1973,121498,14840,106658,105231,91633,13598,1427,87840,1427,97421,-81,7762,6601,27,1134,18689,87840,28854,1492,24084,36076,0,130178,124592,5586,12898,5586,-7312,20872,33989,14840,1723,-7973,-7973,22614,7011,-213,7224,8031,0,1169,6633,229,0,3149,1449,1700,0,0,0,0,4423,2827,1624,-28,28648,13783,315,13468,286,11808,2771,-6034,16116,0,14176,-1940,70553,69342,887,325,0,0,0,5413,65140,94154,822402,692557,670987,17517,4053,129845,57602,13217,44385,41085,0,26065,12958,2062,0,9232,497,8735,0,0,0,0,21926,15840,5908,178,822402,408500,189863,16102,173761,4916,183403,30318,413902
1974,134892,18353,116540,115737,100030,15707,803,94175,803,104838,-116,10193,8906,32,1255,21542,94175,31202,1665,25276,37945,0,139711,142036,-2324,6846,-2324,-9170,24024,40500,18353,1876,-17178,-17178,9989,5635,-67,5702,4068,0,458,3086,524,0,714,-1756,2470,0,0,0,0,-428,-2038,1664,-54,31199,12758,2709,10049,676,14443,3322,-21210,-15059,0,-11027,4032,164631,160937,3274,420,0,0,0,6358,158273,150060,1019216,879382,852362,22292,4728,139834,63237,13150,50087,45153,0,26523,16044,2586,0,9946,-1259,11205,0,0,0,0,21498,13802,7572,124,1019216,455254,202621,18811,183810,5592,213401,33640,563962
1975,151471,20976,130495,130147,111823,18324,348,99654,348,113215,-158,11185,9817,38,1330,24936,99654,34224,1843,30802,47205,0,152124,162849,-10725,249,-10725,-10974,25518,44550,20976,1944,-25269,-25269,7989,-1498,476,-1974,5805,0,1260,2162,2383,0,786,-821,1607,0,0,0,0,2896,1389,1579,-72,30584,10957,-259,11216,189,15635,3803,-22595,-10151,0,-12825,-2674,15428,13311,1876,241,0,0,0,-5512,20940,11038,1066209,918386,887629,25493,5264,147823,61739,13626,48113,50958,0,27783,18206,4969,0,10732,-2080,12812,0,0,0,0,24394,15191,9151,52,1066209,491209,213578,18552,195026,5781,234407,37443,575000
1976,162550,22044,140507,139987,121102,18885,520,107946,520,125014,-189,10429,9040,43,1346,27828,107946,40710,2187,34138,53314,0,170019,174462,-4443,7578,-4443,-12021,24594,44891,22044,1746,-17016,-17016,22836,1139,-960,2099,12523,0,7998,2153,2372,0,5915,205,5710,0,0,0,0,3259,1726,1444,89,38252,16435,-4067,20502,2036,15787,3994,-15416,23246,0,21647,-1600,17310,15553,1509,248,0,0,0,-2689,19999,50823,1129199,958540,924616,28098,5826,170659,62878,12666,50212,63481,0,35781,20359,7341,0,16647,-1875,18522,0,0,0,0,27653,16917,10595,141,1129199,503376,230013,14485,215528,7817,224109,41437,625823
1977,176032,23436,152596,152125,130809,21316,471,118376,471,136941,-210,11665,10369,46,1250,30492,118376,46795,2775,37039,59640,0,190547,190033,514,13601,514,-13087,22082,43960,23436,1558,-8481,-8481,40406,8044,1074,6970,18597,0,11672,6346,579,0,9910,-95,10005,0,0,0,0,3855,2344,1665,-154,39976,19674,-2915,22589,205,15905,4192,431,6899,0,-2013,-8912,44240,42014,1899,328,0,0,0,3774,40467,60966,1234381,1023316,985968,30869,6479,211065,70922,13740,57182,82078,0,47453,26705,7920,0,26557,-1970,28527,0,0,0,0,31508,19261,12260,-13,1234381,547592,248143,11570,236573,8022,245798,45629,686789
1978,192610,25413,167196,166679,142472,24207,518,127222,518,145620,-239,14657,13270,65,1322,33334,127222,52556,3410,40767,69021,0,211442,206590,4852,18562,4852,-13710,27193,50825,25413,1782,-8631,-8631,54024,8156,72,8084,24015,0,11907,12790,-682,0,17037,4128,12909,0,0,0,0,4816,3311,1361,144,57800,40992,584,40408,-1556,13667,4697,-3776,-1655,0,-6511,-4855,76928,73998,2482,448,0,0,0,-677,77605,94512,1390727,1125638,1083868,34409,7361,265089,79078,13812,65266,106093,0,59360,39495,7238,0,43594,2158,41436,0,0,0,0,36324,22572,13621,131,1390727,609426,289135,12154,276981,6466,263499,50326,781301
1979,211410,28559,182851,182882,155122,27760,-31,137197,-31,154417,-327,20141,18126,83,1932,37004,137197,57600,3880,44316,70292,0,224653,225872,-1219,14999,-1219,-16218,31794,58356,28559,1997,-16795,-16795,42843,-1216,-201,-1015,20902,0,1490,19862,-450,0,16372,9623,6749,0,0,0,0,6785,3891,2837,57,53390,26419,977,25442,196,21486,5289,-10547,-3989,0,-10238,-6249,140113,136736,2691,686,0,0,0,340,139773,150783,1603447,1295515,1248372,38558,8585,307932,77862,13611,64251,126995,0,60850,59357,6788,0,59966,11781,48185,0,0,0,0,43109,26463,16458,188,1603447,671363,315554,13131,302423,6662,293532,55615,932084
1980,234051,33061,200991,201831,171341,30490,-841,150513,-841,166667,-354,26267,23058,97,3112,41227,150513,63357,3572,51201,76867,0,243108,249030,-5922,12677,-5922,-18599,34816,65699,33061,2178,-22139,-22139,26870,-2311,-570,-1741,9206,0,8622,364,220,0,14238,5216,9022,0,0,0,0,5737,2754,3049,-66,42766,21294,1737,19557,924,14657,5891,-15896,22728,0,16485,-6244,177100,172462,3765,874,0,0,0,-1871,178971,214376,1840131,1505329,1451264,44023,10042,334802,75551,13041,62510,136201,0,69472,59721,7008,0,74204,16997,57207,0,0,0,0,48846,29217,19507,122,1840131,693671,336848,14868,321980,7586,287731,61506,1146460
1981,257102,37776,219326,221429,185152,36277,-2103,168521,-2103,185715,-402,31976,28515,126,3335,46664,168521,70057,3860,57090,77971,0,263319,273485,-10166,7617,-10166,-17783,31385,66917,37776,2245,-23768,-23768,30224,915,-1453,2368,25358,0,15863,9364,131,0,3476,-3336,6812,0,0,0,0,475,2334,-1942,83,51223,26382,1138,25244,1238,17281,6322,-20999,-20295,0,-23065,-2770,134998,130768,3379,852,0,0,0,3568,131431,118753,2034557,1669531,1609260,48744,11527,365026,76466,11588,64878,161559,0,85335,69085,7139,0,77680,13661,64019,0,0,0,0,49321,31551,17565,205,2034557,769344,363230,16006,347224,8824,329462,67828,1265213
1982,280582,41192,239390,240668,199131,41537,-1278,181481,-1278,199977,-454,36720,33077,154,3489,53484,181481,73181,4043,61197,75876,0,273383,296144,-22761,-5815,-22761,-16946,28015,66993,41192,2214,-33830,-33830,34633,4809,-1198,6007,16596,0,15257,1095,244,0,10364,2425,7939,0,0,0,0,2864,1348,1525,-9,70330,40753,6731,34022,967,21929,6681,-35697,-17769,0,-15902,1867,66528,64145,1728,655,0,0,0,-6372,72899,49316,2161520,1761861,1696957,52021,12883,399659,81275,10390,70885,178155,0,100592,70180,7383,0,88044,16086,71958,0,0,0,0,52185,32899,19090,196,2161520,846991,403983,22737,381246,9791,358708,74509,1314529
1983,300968,42713,258256,258195,211673,46522,61,198966,61,218898,-442,41443,37007,176,4260,60994,198966,82001,4140,66906,78735,0,296936,315373,-18438,-478,-18438,-17960,28337,68827,42713,2223,-28815,-28815,49473,-3728,-261,-3467,13347,0,11901,-126,572,1000,35515,16579,18936,0,0,0,0,4339,1499,2742,98,80612,46226,-1481,47707,1109,26163,7114,-31139,5345,0,7669,2324,-3927,-5555,1006,622,0,0,0,-9450,5523,10390,2233197,1784065,1714287,55461,14317,449132,77547,10129,67418,191502,0,112493,70054,7955,1000,123559,32665,90894,0,0,0,0,56524,34398,21832,294,2233197,908278,450209,21256,428953,10900,365546,81623,1324919
1984,323932,44296,279636,277818,226991,50827,1818,225343,1818,242473,-385,47674,42585,164,4925,66237,225343,94822,4677,71169,84664,0,338337,338517,-180,19887,-180,-20067,35854,77589,44296,2561,-15967,-15967,71558,9034,5630,3404,18689,0,9110,4518,1061,4000,38352,20457,17895,0,0,0,0,5483,3110,969,1404,75383,44784,-3656,48440,7741,15020,7838,-3825,14986,0,2843,-12142,27303,26014,697,593,0,0,0,382,26922,61794,2365352,1844662,1768947,59825,15890,520690,86581,15759,70822,210191,0,121603,74572,9016,5000,161911,53122,108789,0,0,0,0,62007,37508,22801,1698,2365352,978639,494993,17600,477393,18641,375544,89461,1386713
1985,354028,46757,307271,303777,245712,58065,3495,248823,3495,262081,-327,55612,50099,156,5357,72037,248823,101607,4886,77260,89798,0,367854,370261,-2407,19573,-2407,-21979,43653,87347,46757,3063,-24081,-24081,181165,9816,1423,8393,83657,0,49557,30511,589,3000,73934,21006,52928,0,0,0,0,13758,3775,3992,5991,185524,155393,2203,153190,8179,13203,8749,-4359,26878,0,7157,-19722,43603,42176,1142,286,0,0,0,5003,38600,85051,2630711,1928856,1845633,65830,17393,701855,96397,17182,79215,293848,0,171160,105083,9605,8000,235845,74128,161717,0,0,0,0,75765,41283,26793,7689,2630711,1158947,651111,20528,630583,26820,382806,98210,1471764
1986,381170,50135,331035,327906,265211,62695,3129,262979,3129,279675,-306,58960,52572,150,6238,78479,262979,109866,5957,84344,99786,0,394245,398218,-3974,19044,-3974,-23018,49739,96200,50135,3674,-30695,-30695,82767,2097,3182,-1085,35457,0,34067,-1420,810,2000,39637,4849,34788,216,0,216,0,5360,933,2734,1693,87498,72762,-126,72888,1437,3785,9514,-4731,20566,0,-5399,-25964,81797,79792,1749,256,3,0,3,-6789,88588,128198,2841351,2056726,1964715,72950,19061,784625,98494,20364,78130,329305,0,205227,103663,10415,10000,275482,78977,196505,219,0,219,0,81125,42216,29527,9382,2841351,1241389,724873,20402,704471,27257,381535,107724,1599962
1987,409978,53969,356009,352761,284745,68016,3248,280769,3248,301605,-275,58536,53039,162,5335,82344,280769,120501,7207,90726,94436,0,412188,426551,-14364,7965,-14364,-22329,52390,102194,53969,4166,-44425,-44425,81879,3453,1028,2425,20301,219,13059,5233,-210,2000,49463,11931,37532,532,0,532,0,8130,3767,483,3879,109805,92805,-828,93633,-2359,9270,10089,-27927,21651,0,5153,-16498,74984,73905,449,631,-64,0,-64,12847,62073,91689,3046371,2179932,2080297,78462,21173,866439,101947,21392,80555,349606,219,218286,108896,10205,12000,324945,90908,234037,687,0,687,0,89254,45983,30010,13261,3046371,1354720,817678,19574,798104,24898,394331,117813,1691651
1988,443895,57669,386226,381326,305863,75463,4900,304569,4900,324638,-352,61196,56588,176,4432,85812,304569,128126,8377,98501,103135,0,445706,457004,-11298,11793,-11298,-23091,57085,110412,57669,4341,-45292,-45292,45333,2473,2547,-74,18828,468,-5540,22817,83,1000,15106,-1014,16120,994,0,901,93,7932,4774,3642,-484,99486,53711,1962,51749,-3298,38266,10807,-54153,-3459,0,5402,8861,52643,49252,2492,899,101,0,101,-20171,72914,81248,3197193,2285320,2175285,86189,23846,911873,109773,29292,80481,368434,687,212746,131713,10288,13000,340051,89894,250157,1782,0,1688,94,91833,50757,33652,7424,3197193,1424294,883989,21536,862453,9000,402685,128620,1772899
1989,485612,61768,423844,417652,329957,87695,6192,329057,6192,349125,-376,66554,62270,177,4107,92437,329057,138879,8974,109348,111642,0,479203,498544,-19341,4058,-19341,-23399,62330,119214,61768,4884,-58272,-58272,70675,-1720,-884,-836,27391,876,-6929,30916,528,2000,34220,16146,18074,2437,0,1067,1370,8347,3485,3495,1367,101923,47604,3307,44297,-230,42751,11798,-31248,-72108,-1021,-98111,-27024,70198,67261,2103,835,562,0,562,-52037,122797,54747,3395053,2411943,2289407,95370,27166,983110,108053,28408,79645,395825,1563,205817,162629,10816,15000,374271,106040,268231,4781,0,3250,1531,100180,54242,37147,8791,3395053,1567407,931593,24843,906750,8770,486626,140418,1827646
1990,531038,66641,464398,458338,358653,99685,6060,353932,6060,374078,-374,68445,64057,238,4150,94277,353932,145046,10035,127655,126386,0,507744,544016,-36273,-11283,-36273,-24990,71252,132163,66641,5730,-82535,-82535,49810,-3873,526,-4399,36495,2406,43918,-11596,767,1000,8535,5731,2804,5226,0,1772,3454,3427,2449,-531,1508,112510,46179,2945,43234,878,52545,12908,-62700,-11275,0,-31110,-19835,63222,59443,2934,845,-413,0,-413,19176,43632,21074,3573196,2540689,2404215,105833,30641,1032507,104180,28934,75246,432320,3969,249735,151033,11583,16000,382806,111771,271035,9594,0,4750,4844,103607,56691,36617,10299,3573196,1724475,977772,27788,949984,9648,583729,153326,1848721
1991,568036,70841,497196,491102,379957,111145,6094,363866,6094,395326,-412,67192,62314,343,4535,104333,363866,148952,11619,156517,150659,0,518579,578720,-60141,-34336,-60141,-25805,72302,137295,70841,5848,-106637,-106637,59879,-4646,5305,-9951,44799,5000,26063,11692,44,2000,9099,6671,2428,2847,0,43,2804,7780,2400,1757,3623,166494,90812,6871,83941,363,61640,13679,-106615,-33285,0,-33308,-23,13273,10856,1922,495,3184,0,3184,-71719,88176,20555,3715990,2620420,2473428,113293,33699,1095570,99534,34239,65295,477119,8969,275798,162725,11627,18000,391905,118442,273463,15625,0,6250,9375,111387,59091,38374,13922,3715990,1846714,1068584,34659,1033925,10011,601114,167005,1869276
1992,609279,74092,535187,528862,398474,130388,6324,379632,6324,420081,-388,63944,58721,465,4758,110329,379632,159685,13123,179996,172810,0,545254,616324,-71070,-44171,-71070,-26899,71481,139724,74092,5850,-115652,-115652,7546,-4148,3886,-8034,7955,5156,-11153,12177,-1125,2900,-1646,4608,-6254,5623,0,1023,4600,-238,3110,-67,-3281,94062,16641,-1073,17714,-141,63216,14346,-86516,-115900,0,-145036,-29135,51204,49305,1414,485,1377,0,1377,-23583,76164,-83907,3841760,2737267,2580845,119698,36724,1104493,95386,38125,57261,485074,14125,264645,174902,10502,20900,390259,123050,267209,22625,0,7750,14875,111149,62201,38307,10641,3841760,2056391,1085225,33586,1051639,9870,779945,181351,1785369
1993,640586,78261,562325,554351,415298,139053,7975,394278,7975,436768,-363,61202,56078,586,4538,111304,394278,167973,14129,195210,189767,0,570936,643551,-72615,-44405,-72615,-28210,68828,141203,78261,5886,-113233,-113233,17422,-186,2055,-2241,15504,3776,6607,465,-999,5655,1720,10971,-9251,6128,158,853,5117,-5744,3601,-2712,-6633,140724,58657,1792,56865,-712,67770,15009,-123302,-6893,0,3177,10070,73356,71200,1531,626,2082,0,2082,-43077,118516,67218,3997568,2873571,2708230,125957,39384,1123997,95200,40180,55020,500578,17901,271252,175367,9503,26555,391979,134021,257958,30835,158,9286,21391,105405,65802,35595,4008,3997568,2144981,1143882,35378,1108504,9158,795581,196360,1852587
1994,673400,82772,590627,582011,435472,146539,8616,424720,8616,466262,-340,63422,58135,756,4531,113240,424720,177961,14515,206707,204053,0,614541,678778,-64238,-34315,-64238,-29923,72248,148813,82772,6207,-106562,-106562,3653,4688,1906,2782,-10470,4539,-32242,12506,-836,5563,-28649,-14572,-14077,10278,369,1581,8328,27806,5442,1268,21096,46204,-45939,-2178,-43761,396,75735,16012,-42550,54562,-2049,-7401,-64012,115269,112997,1279,994,-618,0,-618,10748,103904,124151,4179854,3052822,2877003,133891,41928,1127032,99888,42086,57802,490108,22440,239010,187873,8667,32118,363330,119449,243881,40495,527,10670,29298,133211,71244,36863,25104,4179854,2203116,1097943,33200,1064743,9554,883247,212372,1976738
1995,706593,88125,618468,607010,455326,151684,11458,441758,11458,482350,-310,68940,63452,963,4525,120680,441758,189765,13600,217636,214445,0,641932,712770,-70838,-38488,-70838,-32350,78428,159979,88125,6574,-116916,-116916,-10084,9446,825,8621,-64653,17410,-51402,-34512,-3489,7340,-26557,-2343,-24214,9421,433,12384,-3396,62259,6066,879,55314,35152,-60903,1230,-62133,138,78695,17222,-45237,43398,0,-28282,-71680,111465,108974,1632,859,13213,0,13213,-171068,295746,300656,4366319,3236158,3049026,143264,43868,1130161,109334,42911,66423,425455,39850,187608,153361,5178,39458,336773,117106,219667,63129,960,26739,35430,195470,77310,37742,80418,4366319,2088925,1037040,34430,1002610,9692,812599,229594,2277394
1996,735542,92529,643013,629719,473446,156273,13294,475017,13294,507899,-331,73531,67547,1353,4631,119376,475017,201697,12453,224255,224387,0,689298,743529,-54231,-20391,-54231,-33840,83651,170159,92529,6020,-104042,-104042,29217,6140,-2288,8428,-34367,20629,-29806,-35598,-477,10885,33475,32674,801,14383,123,14779,-519,9586,5592,2337,1657,99989,-15700,6252,-21952,-4843,102293,18239,-70772,38352,0,5082,-33270,84764,85558,-757,-37,12677,0,12677,-132985,230426,248387,4570592,3398537,3204256,149157,45124,1172055,115474,40623,74851,391088,60479,157802,117763,4701,50343,370248,149780,220468,90189,1083,47524,41582,205056,82902,40079,82075,4570592,2044811,1021340,40682,980658,4849,770789,247833,2525781
1997,767727,97267,670460,658954,495619,163335,11505,503007,11505,533777,-436,77871,71563,1525,4783,119711,503007,216144,10823,227558,236108,0,738523,780960,-42436,-7215,-42436,-35221,91462,182885,97267,5844,-98677,-98677,96732,8163,2233,5930,-25816,14694,-40738,-498,-739,1465,30834,3992,26842,-481,324,17417,-18222,84032,6343,4244,73445,150036,45617,8314,37303,5140,79797,19482,-53304,56692,0,11319,-45373,116372,118986,-2798,184,25537,0,25537,-207013,348922,398398,4894850,3600526,3399301,153786,47439,1294324,123637,42856,80781,365272,75173,117064,117265,3962,51808,401082,153772,247310,115245,1407,79669,34169,289088,89245,44323,155520,4894850,1970671,1066957,48996,1017961,9989,626410,267315,2924179
1998,805854,102162,703693,694369,522441,171928,9323,534825,9323,558774,-446,80893,74621,1630,4642,113720,534825,236156,10351,235779,253496,0,799048,829769,-30721,5194,-30721,-35915,101749,196325,102162,7586,-96556,-96556,149507,15134,757,14377,74825,15346,3357,43449,-631,13304,59256,8453,50803,-15338,2794,-5834,-12298,15630,7010,4976,3644,193788,66679,-6268,72947,128,106061,20920,-44281,27225,0,-25050,-52275,98333,100082,-2141,392,42673,0,42673,-175394,316399,348818,5279518,3793014,3581786,160873,50355,1486504,138771,43613,95158,440097,90519,120421,160714,3331,65112,460338,162225,298113,142580,4201,102777,35602,304718,96255,49299,159164,5279518,2006521,1133636,42728,1090908,10117,574533,288235,3272997
1999,857416,108573,748843,739217,550250,188967,9627,570824,9627,590153,-429,84913,78270,1497,5146,113439,570824,250283,9752,252349,277398,0,855907,895563,-39656,370,-39656,-40025,113676,213620,108573,8628,-113306,-113306,96712,16853,3163,13690,101381,18325,24380,46213,340,12123,2594,-2536,5130,-29369,404,-21632,-8141,5253,8687,9918,-13352,190064,38885,2563,36322,-1629,129963,22845,-93352,-6959,0,-26913,-19954,148725,148660,-1037,1102,28733,0,28733,-248888,426346,419756,5658724,4046775,3822430,170371,53974,1611949,155624,46776,108848,541478,108844,144801,206927,3671,77235,462932,159689,303243,141944,4605,102545,34794,309971,104942,59217,145812,5658724,1965971,1172521,45291,1127230,8488,473882,311080,3692753
2000,909803,116594,793210,787074,584799,202275,6136,609413,6136,621304,-534,93591,85982,1355,6254,111084,609413,271940,10822,271434,299692,0,920433,961907,-41475,2715,-41475,-44189,123458,231462,116594,8590,-120744,-120744,75766,11383,859,10524,90719,15863,21107,43294,215,10240,-26667,-10696,-15971,7317,242,5966,1109,-6986,4925,10579,-22490,127443,16504,1357,15147,379,85611,24949,-51677,35301,0,-33766,-69067,173745,173250,-903,1398,-14957,0,-14957,132635,26153,64168,6008202,4335444,4097662,179544,58238,1672758,167007,47635,119372,632197,124707,165908,250221,3886,87475,436265,148993,287272,134304,4847,97289,32168,302985,109867,69796,123322,6008202,2251281,1189025,46648,1142377,8867,717360,336029,3756921
2001,973394,123354,850040,847180,622414,224766,2860,598364,2860,642407,-7653,89342,81455,1422,6465,128592,598364,271871,13691,305070,333138,0,911995,1031782,-119788,-68067,-119788,-51721,134804,248040,123354,10118,-202871,-202871,102423,17713,5492,12221,103947,18237,24263,49391,256,11800,-16951,-11320,-5631,4432,293,3837,302,-6718,5995,3021,-15734,243705,105358,23848,81510,100,111293,26954,-141282,4230,-1740,-55619,-61589,117433,119982,-2700,150,-12396,0,-12396,173456,-68419,-132256,6338713,4575928,4329426,185212,61290,1762785,184720,53127,131593,736144,142944,190171,299612,4142,99275,419314,137673,281641,126340,5140,91828,29372,296267,115862,72817,107588,6338713,2714048,1294383,70496,1223887,8967,1047715,362983,3624665
2002,1024819,129344,895475,894713,655498,239215,762,600872,762,673206,-918,78774,70640,1551,6583,150953,600872,250709,15826,333026,366883,0,901263,1084874,-183611,-130716,-183611,-52895,143380,261525,129344,11199,-274096,-274096,77075,15405,6641,8764,88305,15024,19988,43663,138,9492,-15399,-17020,1621,12007,142,9908,1957,-23243,2571,1529,-27343,330277,143919,25221,118698,631,157469,28258,-253202,4992,0,-15903,-20894,110969,112038,-1195,126,-24987,0,-24987,234656,-148674,-274398,6634205,4819332,4564107,191192,64033,1814873,200125,59768,140357,824449,157968,210159,343275,4280,108767,403915,120653,283262,113360,5282,82753,25325,273024,118433,74346,80245,6634205,3283938,1438302,95717,1342585,9598,1444797,391241,3350267
2003,1067153,134884,932269,933779,678263,255516,-1510,602417,-1510,715409,-84,72467,63014,1829,7624,183865,602417,258904,19932,353524,405013,0,932742,1114772,-182030,-129701,-182030,-52329,145598,269058,134884,11423,-275299,-275299,119276,27246,7788,19458,90612,-2588,35213,45598,733,11656,10833,9980,853,-8706,778,-9202,-282,-709,-1962,2710,-1457,440204,120457,10375,110082,78,290911,28758,-320928,26612,0,72241,45629,92587,92597,-592,583,4049,-15948,19997,-369203,465839,362750,7045914,5046102,4782251,196294,67557,1999812,227371,67556,159815,939313,163380,247639,397091,5292,125911,427748,136633,291115,129651,6060,93934,29657,275729,116471,77056,82202,7045914,3332897,1558759,106092,1452667,9676,1344463,419999,3713017
2004,1120180,144232,975949,980716,702411,278305,-4767,668735,-4767,772835,-369,75672,64866,2334,8472,174635,668735,287434,24654,384968,422558,0,1018413,1168216,-149803,-101734,-149803,-48070,144898,277785,144232,11345,-246632,-246632,68562,7828,-4313,12141,43287,14935,16721,7885,660,3086,16083,-4970,21053,-15427,570,-13735,-2262,16791,8466,12974,-4649,261080,182456,22225,160231,318,48347,29959,-192518,-880561,0,-934674,-54114,505428,501820,2726,882,693,-13261,13954,-164831,670952,-311342,7754249,5685182,5410388,203173,71621,2069067,235199,63243,171956,969339,178315,258358,399726,6008,126932,443831,131663,312168,128178,6630,90971,30577,292520,124937,90030,77553,7754249,4352574,2475759,44397,2431362,9994,1416863,449958,3401675
2005,1173652,157886,1015766,1021243,727968,293275,-5477,747752,-5477,843027,-372,87717,75427,2513,9777,177142,747752,330183,24615,406543,436564,0,1132570,1236254,-103683,-53208,-103683,-50476,143393,291273,157886,10006,-196600,-196600,373659,21710,9055,12655,210045,32995,63922,83339,1955,27834,88472,17512,70960,13718,1041,8165,4512,39714,17437,14000,8277,462906,164111,-1692,165803,626,266250,31919,-89247,77491,-15466,-14396,-107353,474531,473254,449,828,-12056,-18564,6508,-91210,553685,577969,8708368,6277698,5995198,206790,75710,2430670,256909,72298,184611,1160820,211310,316982,473900,7925,150703,532303,149175,383128,148404,7671,103630,37103,332234,142374,104030,85830,8708368,4728724,2639870,42705,2597165,10620,1596357,481877,3979644
2006,1231547,171039,1060509,1069386,762834,306552,-8878,806587,-8878,897792,-373,106703,93235,2953,10514,188657,806587,360358,21453,403921,436973,0,1221450,1307406,-85956,-28045,-85956,-57911,155431,315252,171039,11218,-183476,-183476,231463,28442,2678,25764,152726,42487,38654,56365,1407,13813,41279,3162,38117,-9869,2086,-10987,-968,18885,8956,10378,-449,357648,116036,-8392,124428,595,206738,34279,-126185,51851,0,-5440,-57292,605141,602938,1099,1105,-12570,-30864,18294,-254444,847015,870821,9676710,7027147,6733647,212632,80868,2649563,285351,74976,210375,1282682,253797,350683,507307,9336,161559,573582,152337,421245,156829,9757,106448,40624,351119,151330,114408,85381,9676710,4826245,2755906,34313,2721593,11215,1542968,516156,4850465
2007,1300812,187503,1113309,1129605,805480,324125,-16296,844707,-16296,942205,-7132,117970,102870,3419,11681,192039,844707,379467,18829,433995,458187,0,1267196,1397545,-130349,-70592,-130349,-59757,168359,341987,187503,13876,-238951,-238951,215871,36353,47,36306,96279,-19886,42252,48003,3036,22874,56716,11237,45479,14068,5944,4340,3784,12455,7836,983,3636,412586,174692,16975,157717,666,200446,36782,-196715,23495,0,-18741,-42236,460673,457751,546,2376,35949,29286,6663,-118171,614793,567696,10543313,7642355,7332971,221548,87836,2900958,321704,75023,246681,1408247,233911,408227,572155,11484,182470,629873,163574,466299,177560,15701,115029,46830,363574,159166,115391,89017,10543313,5125152,2930598,51288,2879310,11881,1629735,552938,5418161
2008,1365414,201161,1164253,1183578,847357,336221,-19325,835114,-19325,955752,-2969,105562,89960,3428,12175,203906,835114,378303,18690,456110,475109,0,1251107,1473169,-222062,-159005,-222062,-63057,170022,357906,201161,13277,-329027,-329027,-208690,27481,8371,19110,-194590,-22841,-68344,-99957,562,-4010,-61767,-27230,-34537,48704,7292,28937,12475,-28518,-15688,4425,-17255,207967,39976,4773,35203,835,128640,38516,-416657,-131992,0,-44362,87630,407430,399262,6438,1729,-24838,39914,-64752,907603,-525012,-816008,10872102,8206560,7876771,235671,94118,2665542,349185,83394,265791,1253571,211070,369259,502009,10908,160325,566218,136344,429874,161512,22993,96547,41972,335056,143478,119816,71762,10872102,6269949,2970574,56061,2914513,12716,2695205,591454,4602153
2009,1399389,209127,1190262,1207280,863003,344277,-17018,736927,-17018,935434,-1407,86939,72848,2902,11189,267021,736927,330335,18568,493179,560320,0,1152971,1495266,-342295,-274289,-342295,-68007,163794,360288,209127,12633,-438082,-438082,100645,30037,19199,10838,109321,-59496,95048,77981,1046,-5258,103,7840,-7737,-28048,-5135,-18452,-4461,-10768,-4903,-7149,1284,595311,141399,7913,133486,820,414250,38842,-494666,4653,0,61236,56584,-108889,-107851,-1208,170,448,-34634,35082,-414691,306250,36614,11011566,8248817,7912338,238599,97880,2762749,379222,102593,276629,1328258,151574,424301,560147,13093,179143,562435,144184,418251,168546,17858,102876,47812,324288,138575,112667,73046,11011566,6372799,3111973,63974,3047999,13536,2616994,630296,4638767
2010,1427983,213413,1214571,1232254,862653,369601,-17684,760830,-17684,966294,-1566,80757,66295,3038,11424,266972,760830,340145,17767,523926,604371,0,1199186,1508139,-308953,-232058,-308953,-76896,145846,347254,213413,12005,-377904,-377904,77326,5727,6194,-467,72622,-9455,41174,29619,2136,9148,1157,2152,-995,-11932,2821,-14067,-686,9752,12953,-1095,-2106,436285,87232,-765,87997,2260,308473,38320,-358959,-178903,0,-197848,-18945,175858,174679,-245,1424,40752,19018,21734,-247364,463974,53013,11435895,8558503,8218215,238556,101732,2877392,384949,108787,276162,1419898,142119,468675,601445,15041,192618,560157,146336,413821,178348,20679,105288,52381,334040,151528,111572,70940,11435895,6744115,3199205,63209,3135996,21796,2854498,668616,4691780
2011,1442953,222217,1220736,1233841,863181,370660,-13105,795225,-13105,995101,-546,79540,63942,3370,12228,265766,795225,371315,17855,530685,576464,0,1230173,1507214,-277040,-202940,-277040,-74101,130190,340953,222217,11454,-333130,-333130,-72136,35032,16984,18048,-72343,-7143,-25009,-39706,178,-663,-37921,-6919,-31002,-4158,395,-5778,1225,7254,5529,449,1276,309889,-39494,-10635,-28859,6781,304341,38261,-382025,10676,0,59572,48896,391021,385026,4288,1707,48176,47614,562,46431,392766,200502,11918845,9068285,8720425,241785,106075,2850560,419981,125771,294210,1395169,134976,469927,579651,16360,194255,519364,139417,379947,174752,21074,101092,52586,341294,157057,112021,72216,11918845,7026563,3159711,52574,3107137,28577,3131398,706877,4892282
2012,1462998,231980,1231018,1238653,870693,367960,-7636,810560,-7636,1020951,-458,78825,62278,4060,12487,281123,810560,393794,17201,540752,550124,0,1230927,1515719,-284792,-210434,-284792,-74358,112693,333742,231980,10932,-323128,-323128,-16391,9944,-9021,18965,-33269,-21326,29521,-41057,1254,-1661,7110,-3284,10394,-23827,-2210,-15758,-5859,23651,5560,7365,10726,243970,12108,4033,8075,-12189,205838,38213,-260361,131625,-7361,76219,-62767,226921,224007,1721,1194,26692,6674,20018,-266458,520071,441261,12267077,9389660,9037736,242407,109517,2877417,449031,122075,326956,1368574,113650,491323,545495,18203,199903,523924,136133,387791,170943,18864,99364,52715,364945,162617,119386,82942,12267077,6933534,3171819,56607,3115212,16388,3000237,745090,5333543
2013,1526303,238930,1287373,1293215,887598,405617,-5842,862945,-5842,1060346,-476,79131,62235,4749,12147,270215,862945,428346,17660,564382,563738,0,1308306,1574317,-266011,-194379,-266011,-71632,102318,330876,238930,10372,-296697,-296697,99110,27315,6866,20449,117614,-22011,85589,18446,4224,31366,-44073,4230,-48303,-29906,-811,-24307,-4788,28160,9439,3106,15615,380682,-48275,-11147,-37128,44689,345418,38850,-281572,-661583,0,-676709,-15126,255256,251466,1877,1913,-35083,-71023,35940,-477860,698033,-157930,12676878,9736864,9378734,243026,115104,2940014,476346,128941,347405,1415165,91639,544646,540933,21105,216842,478421,140363,338058,176977,18053,103136,55788,393105,172056,122492,98557,12676878,7501265,3123544,45460,3078084,61077,3532704,783940,5175613
2014,1574204,247056,1327147,1330998,912893,418105,-3851,915688,-3851,1101025,-494,81272,63949,5266,12057,262263,915688,438303,18746,617541,619240,0,1374436,1611990,-237554,-166878,-237554,-70677,103052,339545,247056,10563,-269930,-269930,-13574,28382,16784,11598,-49105,9535,-20155,-41870,332,3053,-8265,-2004,-6261,-14298,-1701,-10956,-1641,29712,11028,7010,11674,182996,-24617,-6392,-18225,-42986,210796,39803,-196571,-64395,0,-137754,-73359,164707,161678,3036,-7,48388,35933,12455,-147821,360916,129644,12968067,9994042,9630816,243840,119386,2974025,504728,145725,359003,1401993,101174,541530,511631,23149,224509,469354,138359,330995,175134,16352,102351,56431,422816,183084,129501,110231,12968067,7662811,3098927,39068,3059859,18091,3722050,823743,5305256
2015,1628018,252640,1375378,1377292,945282,432010,-1913,941083,-1913,1131590,-514,80658,64102,5415,11140,268738,941083,464371,19234,665280,676273,0,1435681,1652241,-216560,-146787,-216560,-69773,117629,358402,252640,11867,-264417,-264417,35092,5516,-8639,14155,48454,37287,-4602,-12077,2567,25279,-45243,1165,-46408,6018,-191,2834,3375,20347,581,5410,14356,231587,17599,-5939,23538,137,172648,41203,-196496,-29569,0,-97490,-67921,86945,87976,645,-1675,-29971,-27283,-2688,95157,-38183,-214539,13165062,10186741,9820620,242956,123165,2978321,510244,137086,373158,1423164,138461,527719,493786,25751,237447,423286,139524,283762,178464,16161,103919,58384,443163,183665,134911,124587,13165062,8074345,3116526,33129,3083397,18228,4074645,864946,5090717
2016,1663666,258833,1404833,1407676,971672,436004,-2843,968031,-2843,1171856,-534,82320,65826,5699,10795,282769,968031,463988,19960,693059,689980,0,1448900,1691058,-242159,-169670,-242159,-72489,128674,374620,258833,12887,-298343,-298343,162139,14114,5930,8184,55198,25603,9645,-1484,4129,17305,45283,5471,39812,260,5401,-5857,716,47284,17499,10693,19092,322070,34098,-2747,36845,252,244768,42952,-159930,41272,0,-97141,-138413,209566,207178,691,1697,6911,-6904,13815,-182496,398973,270575,13659100,10512097,10136897,244074,131126,3147003,524358,143016,381342,1471458,164064,529928,489711,29308,258447,468201,144995,323206,192539,21562,108740,62237,490447,201164,145604,143679,13659100,8297808,3150624,30382,3120242,18480,4220806,907898,5361292
2017,1708330,269715,1438616,1445949,1004103,441846,-7333,1020830,-7333,1232537,-555,87129,70562,5846,10721,290949,1020830,490164,19842,709653,691190,0,1512372,1737213,-224841,-152436,-224841,-72405,138489,393874,269715,14330,-290925,-290925,146924,11664,-2464,14128,111809,25911,47596,7637,4112,26553,-152,10440,-10592,-13263,306,-11053,-2516,36866,6237,4775,25854,251277,267,4797,-4530,468,205826,44716,-104353,92884,-2131,-91557,-186572,350481,346397,1983,2101,35914,7512,28402,-488760,875155,815603,14314029,10984583,10595447,248233,140903,3329446,536022,140552,395470,1590779,189975,577403,499387,34198,289816,467654,155435,312219,207678,21868,117385,68425,527313,207401,150379,169533,14314029,8137134,3150891,35179,3115712,18948,4014681,952614,6176895
2018,1782485,285153,1497333,1505243,1044613,460630,-7910,1092375,-7910,1293640,-577,93240,75789,6005,11446,286018,1092375,519991,20429,731121,723775,0,1625449,1825314,-199866,-126745,-199866,-73121,150104,418771,285153,16485,-276849,-276849,105220,274,-7636,7910,53250,17851,20408,-21713,3854,32850,-20036,730,-20766,13883,-2090,8869,7104,57849,22851,18334,16664,233937,-38031,2873,-40904,1103,223202,47663,-128718,82843,-159,-65129,-148131,493205,486181,4527,2497,-42079,-29560,-12519,201913,249213,205311,15003595,11611268,11205181,254990,151097,3392327,536296,132916,403380,1614469,207826,589650,475556,37203,304234,447358,156165,291193,209042,19778,118770,70494,585162,230252,168713,186197,15003595,8621389,3112860,38052,3074808,20051,4488201,1000277,6382206
2019,1834014,298953,1535062,1548569,1084864,463705,-13507,1135040,-13507,1358716,-600,96548,78426,6509,11613,306117,1135040,570790,20657,762733,755262,0,1719015,1924814,-205799,-130961,-205799,-74838,159064,441682,298953,16334,-290025,-290025,11745,25933,6159,19774,-37438,17465,-2584,-33727,243,-18835,23008,2169,20839,-33729,6759,-29528,-10960,33971,12119,11109,10743,311629,-51,6788,-6839,1047,259280,51353,-299884,-35046,0,-25187,9859,310267,309905,475,-113,118501,74058,44443,-588557,1017325,851318,15586665,12064261,11649026,257811,157424,3522404,562229,139075,423154,1651089,225291,612612,458834,39182,315170,470197,158334,311863,219756,26537,120849,72370,619133,242371,179822,196940,15586665,8353141,3112809,44840,3067969,21098,4167604,1051630,7233524
2020,1891606,308700,1582907,1591143,1112784,478359,-8237,1159468,-8237,1365916,-624,94854,77720,6216,10919,292442,1159468,578115,20015,815701,1030426,0,1972323,2023564,-51241,32551,-51241,-83792,160647,453057,308700,16289,-128096,-128096,290752,81255,90797,-9542,132901,-24524,236825,-55148,2095,-26347,95382,12919,82463,-10465,13671,-18870,-5266,-8321,-1714,4823,-11430,408572,95638,1724,93914,999,258314,53621,-117820,-54089,0,-64365,-10276,317477,312325,2730,2422,82886,42993,39893,-533823,934186,912647,16422104,12526144,12095511,264662,165971,3895960,643484,229872,413612,1826983,200767,873197,403395,42384,307240,565497,171253,394244,249184,40208,130709,78267,610812,240657,184645,185510,16422104,8275933,3208447,46564,3161883,22097,3940138,1105251,8146171
2021,1948600,333252,1615348,1633517,1152125,481392,-18169,1312627,-18169,1519510,-3116,92266,71764,6348,14154,277864,1312627,696217,22254,907697,1274468,0,2397869,2152508,245361,328566,245361,-83205,130140,447791,333252,15601,198426,198426,597831,85108,115859,-30751,480154,27393,441646,10538,-1164,1741,5674,29791,-24117,-48499,15305,-36084,-27720,75394,34868,53155,-12629,378102,71067,-13661,84728,465,248477,58093,219729,-52874,-4000,-70177,-21303,1537529,1516312,18041,3177,-41498,-76200,34702,-672060,2168091,2443783,18626718,14174507,13715264,282385,176858,4452211,728592,345731,382861,2230937,228160,1265517,403925,40793,292542,571089,201044,370045,235387,55513,121542,58332,686206,275525,237800,172881,18626718,8036764,3279514,32903,3246611,22562,3571344,1163344,10589954
2022,2041826,375732,1666094,1678807,1219370,459437,-12714,1489751,-12714,1648638,-668,93623,69440,6563,17620,239128,1489751,800883,22754,1028302,1136903,0,2421988,2333664,88324,318213,88324,-229889,118337,479066,375732,15003,199877,199877,436409,2335,14695,-12360,342970,32958,229392,30377,5041,45202,-11066,-402,-10664,45485,9761,24959,10765,56685,34364,41248,-18927,266268,-50665,-7470,-43195,721,250513,65699,170141,1013227,-3000,1045963,29736,1574294,1550199,20291,3804,-326971,-291514,-35457,538276,709047,2040487,20410896,15849317,15356749,303680,188888,4561579,730927,360426,370501,2282393,261118,1303527,394225,40861,282662,559953,200642,359311,245415,65274,121720,58421,742891,309889,279048,153954,20410896,7780455,3228849,25433,3203416,23283,3299280,1229043,12630441
2023,2142758,398648,1744110,1774017,1300445,473572,-29907,1509294,-29907,1718872,-688,97686,72265,6928,18493,276669,1509294,757751,21321,1081193,1135032,0,2342205,2403775,-61570,34725,-61570,-96295,161075,544121,398648,15602,-126351,-126351,197218,18954,15144,3810,158266,4799,118576,22473,3301,9117,-20137,19146,-39283,-9963,6760,-14678,-2045,50098,19600,9628,20870,351838,22336,1433,20903,985,260243,68274,-154620,-148655,0,-120385,28270,246901,237580,5994,3328,92337,54897,37440,-470579,809817,695887,21092722,16241681,15726798,315182,199701,4851041,749881,375570,374311,2495556,265917,1452091,426039,45558,305951,539724,219788,319936,272892,72034,135721,65137,792988,329489,288675,174824,21092722,7766395,3251185,26866,3224319,24268,3193625,1297317,13326327
2024,2276624,412127,1864497,1896572,ND,ND,-32076,1590301,-32076,1789827,-711,97291,71362,6862,19068,264031,1590301,806660,26691,1141736,1166421,0,2448336,2510829,-62494,62509,-62494,-125003,214506,611209,412127,15425,-151997,-151997,265613,14852,15082,-230,194582,-2317,145317,28478,4299,18805,30120,17694,12426,-9940,9878,-17762,-2056,35999,8096,10042,17861,432538,97455,7527,89928,1214,261909,71960,-166925,-33658,-5000,-13730,14928,252762,240296,5229,7237,16766,-19454,36219,-504094,773621,802472,21821849,16688514,16143860,327360,217294,5133335,764733,390652,374081,2670684,263600,1579135,457457,49288,321204,569760,237482,332278,299171,81912,146803,70456,828987,337585,298717,192685,21821849,7693050,3348640,34393,3314247,25482,2949651,1369277,14128799
