"codes_1947","names_1947","codes_1948","names_1948","codes_1949","names_1949","codes_1950","names_1950","codes_1951","names_1951","codes_1952","names_1952","codes_1953","names_1953","codes_1954","names_1954","codes_1955","names_1955","codes_1956","names_1956","codes_1957","names_1957","codes_1958","names_1958","codes_1959","names_1959","codes_1960","names_1960","codes_1961","names_1961","codes_1962","names_1962","codes_1963","names_1963","codes_1964","names_1964","codes_1965","names_1965","codes_1966","names_1966","codes_1967","names_1967","codes_1968","names_1968","codes_1969","names_1969","codes_1970","names_1970","codes_1971","names_1971","codes_1972","names_1972","codes_1973","names_1973","codes_1974","names_1974","codes_1975","names_1975","codes_1976","names_1976","codes_1977","names_1977","codes_1978","names_1978","codes_1979","names_1979","codes_1980","names_1980","codes_1981","names_1981","codes_1982","names_1982","codes_1983","names_1983","codes_1984","names_1984","codes_1985","names_1985","codes_1986","names_1986","codes_1987","names_1987","codes_1988","names_1988","codes_1989","names_1989","codes_1990","names_1990","codes_1991","names_1991","codes_1992","names_1992","codes_1993","names_1993","codes_1994","names_1994","codes_1995","names_1995","codes_1996","names_1996","codes_1997","names_1997","codes_1998","names_1998","codes_1999","names_1999","codes_2000","names_2000","codes_2001","names_2001","codes_2002","names_2002","codes_2003","names_2003","codes_2004","names_2004","codes_2005","names_2005","codes_2006","names_2006","codes_2007","names_2007","codes_2008","names_2008","codes_2009","names_2009","codes_2010","names_2010","codes_2011","names_2011","codes_2012","names_2012","codes_2013","names_2013","codes_2014","names_2014","codes_2015","names_2015","codes_2016","names_2016","codes_2017","names_2017","codes_2018","names_2018","codes_2019","names_2019","codes_2020","names_2020","codes_2021","names_2021","codes_2022","names_2022","codes_2023","names_2023","codes_2024","names_2024","codes_2025","names_2025"
1,"Total assets under $250,000",1,,1,"Total assets under $250,000",1,"Total assets under $250,000",1,"Total assets under $250,000",1,"Total assets under $250,000",1,"Total assets under $250,000",1,"Total assets under $250,000",1,"Total assets under $250,000",1,"Total assets under $250,000",1,"Total assets under $250,000",1,"Total assets under $1 Million",1,"Total assets under $1 million",1,"Total assets under $1 million",1,"Total assets under $1 million",1,"Total assets under $1 million",1,"Total assets under $1 million",1,"Total assets under $1 million",1,"Total assets under $1 million",1,"Total assets under $1 million",1,"Total assets under $1 million",1,"Total assets under $1 million",1,"Total assets under $1 million",1,"Total assets under $1 million",1,"Total assets under $1 million",1,"Total assets under $1 million",1,"Total assets under $1 million",1,"Total assets under $1 million",1,"Total assets under $1 million",1,"Total assets under $1 million",1,"Total assets under $5 million",1,"Total assets under $5 million",1,"Total assets under $5 million",1,"Total assets under $5 million",1,"Total assets under $5 million",1,"Total assets under $5 million",1,"Total assets under $5 million",1,"Total assets under $5 million",1,"Total assets under $5 million",1,"Total assets under $5 million",1,"Total assets under $5 million",1,"Total assets under $5 million",1,"Total assets under $5 million",1,"Total assets under $5 million",1,"Total assets under $5 million",1,"Total assets under $5 million",1,"Total assets under $5 million",1,"Total assets under $5 million",1,"Total assets under $5 million",1,"Total assets under $5 million",1,"Total assets under $5 million",1,"Total assets under $5 million",1,"Total assets under $5 million",1,"Total assets under $5 million",1,"Total assets under $5 million",1,"Total assets under $5 million",1,"Total assets under $5 million",1,"Total assets under $5 million",1,"Total assets under $5 million",1,"Total assets under $5 million",1,"Total assets under $5 million",1,"Total assets under $5 million",1,"Total assets under $5 million",1,"Total assets under $5 million",1,"Total assets under $5 million",1,"Total assets under $5 million",1,"Total assets under $5 million",1,"Total assets under $5 million",1,"Total assets under $5 million",1,"Total assets under $5 million",1,"Total assets under $5 million",1,"Total assets under $5 million",1,"Total assets under $10 million",1,"Total assets under $10 million",1,"Total assets under $10 million",1,"Total assets under $10 million",1,"Total assets under $10 million",1,"Total assets under $10 million",1,"Total assets under $10 million"
2,"Total assets $250,000 to $999,999",2,"Total assets under $250,000",2,"Total assets $250,000 to $999,999",2,"Total assets $250,000 to $999,999",2,"Total assets $250,000 to $999,999",2,"Total assets $250,000 to $999,999",2,"Total assets $250,000 to $999,999",2,"Total assets $250,000 to $999,999",2,"Total assets $250,000 to $999,999",2,"Total assets $250,000 to $999,999",2,"Total assets $250,000 to $999,999",2,"Total assets $1 million to $5 million",2,"Total assets $1 million to $5 million",2,"Total assets $1 million to $5 million",2,"Total assets $1 million to $5 million",2,"Total assets $1 million to $5 million",2,"Total assets $1 million to $5 million",2,"Total assets $1 million to $5 million",2,"Total assets $1 million to $5 million",2,"Total assets $1 million to $5 million",2,"Total assets $1 million to $5 million",2,"Total assets $1 million to $5 million",2,"Total assets $1 million to $5 million",2,"Total assets $1 million to $5 million",2,"Total assets $1 million to $5 million",2,"Total assets $1 million to $5 million",2,"Total assets $1 million to $5 million",2,"Total assets $1 million to $5 million",2,"Total assets $1 million to $5 million",2,"Total assets $1 million to $5 million",2,"Total assets $5 million to $10 million",2,"Total assets $5 million to $10 million",2,"Total assets $5 million to $10 million",2,"Total assets $5 million and over",2,"Total assets $5 million to less than $10 million",2,"Total assets $5 million to less than $10 million",2,"Total assets $5 million to less than $10 million",2,"Total assets $5 million to less than $10 million",2,"Total assets $5 million to less than $10 million",2,"Total assets $5 million to less than $10 million",2,"Total assets $5 million to less than $10 million",2,"Total assets $5 million to less than $10 million",2,"Total assets $5 million to less than $10 million",2,"Total assets $5 million to less than $10 million",2,"Total assets $5 million to less than $10 million",2,"Total assets $5 million to less than $10 million",2,"Total assets $5 million to less than $10 million",2,"Total assets $5 million to less than $10 million",2,"Total assets $5 million to less than $10 million",2,"Total assets $5 million to less than $10 million",2,"Total assets $5 million to less than $10 million",2,"Total assets $5 million to less than $10 million",2,"Total assets $5 million to less than $10 million",2,"Total assets $5 million to less than $10 million",2,"Total assets $5 million to less than $10 million",2,"Total assets $5 million to less than $10 million",2,"Total assets $5 million to less than $10 million",2,"Total assets $5 million to less than $10 million",2,"Total assets $5 million to less than $10 million",2,"Total assets $5 million to less than $10 million",2,"Total assets $5 million to less than $10 million",2,"Total assets $5 million to less than $10 million",2,"Total assets $5 million to less than $10 million",2,"Total assets $5 million to less than $10 million",2,"Total assets $5 million to less than $10 million",2,"Total assets $5 million to less than $10 million",2,"Total assets $5 million to less than $10 million",2,"Total assets $5 million to less than $10 million",2,"Total assets $5 million to less than $10 million",2,"Total assets $5 million to less than $10 million",2,"Total assets $5 million to less than $10 million",2,"Total assets $5 million to less than $10 million",2,"Total assets $10 million to less than $25 million",2,"Total assets $10 million to less than $25 million",2,"Total assets $10 million to less than $25 million",2,"Total assets $10 million to less than $25 million",2,"Total assets $10 million to less than $25 million",2,"Total assets $10 million to less than $25 million",2,"Total assets $10 million to less than $25 million"
3,"Total assets $1 million to $5 million",3,"Total assets $250,000 to $999,999",3,"Total assets $1 million to $5 million",3,"Total assets $1 million to $5 million",3,"Total assets $1 million to $5 million",3,"Total assets $1,000,000 to $4,999,999",3,"Total assets $1,000,000 to $4,999,999",3,"Total assets $1,000,000 to $4,999,999",3,"Total assets $1,000,000 to $4,999,999",3,"Total assets $1 million to less than $5 million",3,"Total assets $1 million to less than $5 million",3,"Total assets $5 million to $10 million",3,"Total assets $5 million to $10 million",3,"Total assets $5 million to $10 million",3,"Total assets $5 million to $10 million",3,"Total assets $5 million to $10 million",3,"Total assets $5 million to $10 million",3,"Total assets $5 million to $10 million",3,"Total assets $5 million to $10 million",3,"Total assets $5 million to $10 million",3,"Total assets $5 million to $10 million",3,"Total assets $5 million to $10 million",3,"Total assets $5 million to $10 million",3,"Total assets $5 million to $10 million",3,"Total assets $5 million to $10 million",3,"Total assets $5 million to $10 million",3,"Total assets $5 million to $10 million",3,"Total assets $5 million to $10 million",3,"Total assets $5 million to $10 million",3,"Total assets $5 million to $10 million",3,"Total assets $10 million to less than $25 million",3,"Total assets $10 million to less than $25 million",3,"Total assets $10 million to less than $25 million",3,"Total assets $5 million to less than $10 million",3,"Total assets $10 million to less than $25 million",3,"Total assets $10 million to less than $25 million",3,"Total assets $10 million to less than $25 million",3,"Total assets $10 million to less than $25 million",3,"Total assets $10 million to less than $25 million",3,"Total assets $10 million to less than $25 million",3,"Total assets $10 million to less than $25 million",3,"Total assets $10 million to less than $25 million",3,"Total assets $10 million to less than $25 million",3,"Total assets $10 million to less than $25 million",3,"Total assets $10 million to less than $25 million",3,"Total assets $10 million to less than $25 million",3,"Total assets $10 million to less than $25 million",3,"Total assets $10 million to less than $25 million",3,"Total assets $10 million to less than $25 million",3,"Total assets $10 million to less than $25 million",3,"Total assets $10 million to less than $25 million",3,"Total assets $10 million to less than $25 million",3,"Total assets $10 million to less than $25 million",3,"Total assets $10 million to less than $25 million",3,"Total assets $10 million to less than $25 million",3,"Total assets $10 million to less than $25 million",3,"Total assets $10 million to less than $25 million",3,"Total assets $10 million to less than $25 million",3,"Total assets $10 million to less than $25 million",3,"Total assets $10 million to less than $25 million",3,"Total assets $10 million to less than $25 million",3,"Total assets $10 million to less than $25 million",3,"Total assets $10 million to less than $25 million",3,"Total assets $10 million to less than $25 million",3,"Total assets $10 million to less than $25 million",3,"Total assets $10 million to less than $25 million",3,"Total assets $10 million to less than $25 million",3,"Total assets $10 million to less than $25 million",3,"Total assets $10 million to less than $25 million",3,"Total assets $10 million to less than $25 million",3,"Total assets $10 million to less than $25 million",3,"Total assets $10 million to less than $25 million",3,"Total assets $25 million to less than $50 million",3,"Total assets $25 million to less than $50 million",3,"Total assets $25 million to less than $50 million",3,"Total assets $25 million to less than $50 million",3,"Total assets $25 million to less than $50 million",3,"Total assets $25 million to less than $50 million",3,"Total assets $25 million to less than $50 million"
4,"Total assets $5 million to  less than $100 million",4,"Total assets $1 million to $5 million",4,"Total assets $5 million to  less than $100 million",4,"Total assets $5 million to  less than $100 million",4,"Total assets $5 million to  less than $100 million",4,"Total assets $5,000,000 to $9,999,999",4,"Total assets $5,000,000 to $9,999,999",4,"Total assets $5,000,000 to $9,999,999",4,"Total assets $5,000,000 to $9,999,999",4,"Total assets $5 million to less than $10 million",4,"Total assets $5 million to less than $10 million",4,"Total assets $10 million to $25 million",4,"Total assets $10 million to less than $25 million",4,"Total assets $10 million to less than $25 million",4,"Total assets $10 million to less than $25 million",4,"Total assets $10 million to less than $25 million",4,"Total assets $10 million to less than $25 million",4,"Total assets $10 million to less than $25 million",4,"Total assets $10 million to less than $25 million",4,"Total assets $10 million to less than $25 million",4,"Total assets $10 million to less than $25 million",4,"Total assets $10 million to less than $25 million",4,"Total assets $10 million to less than $25 million",4,"Total assets $10 million to less than $25 million",4,"Total assets $10 million to less than $25 million",4,"Total assets $10 million to less than $25 million",4,"Total assets $10 million to less than $25 million",4,"Total assets $10 million to less than $25 million",4,"Total assets $10 million to less than $25 million",4,"Total assets $10 million to less than $25 million",4,"Total assets  $5 million and over",4,"Total assets  $5 million and over",4,"Total assets  $5 million and over",4,"Total assets $10 million to less than $25 million",4,"Total assets under $25 million",4,"Total assets under $25 million",4,"Total assets under $25 million",4,"Total assets under $25 million",4,"Total assets under $25 million",4,"Total assets under $25 million",4,"Total assets under $25 million",4,"Total assets under $25 million",4,"Total assets under $25 million",4,"Total assets under $25 million",4,"Total assets under $25 million",4,"Total assets under $25 million",4,"Total assets under $25 million",4,"Total assets under $25 million",4,"Total assets under $25 million",4,"Total assets under $25 million",4,"Total assets under $25 million",4,"Total assets under $25 million",4,"Total assets under $25 million",4,"Total assets under $25 million",4,"Total assets under $25 million",4,"Total assets under $25 million",4,"Total assets under $25 million",4,"Total assets under $25 million",4,"Total assets under $25 million",4,"Total assets under $25 million",4,"Total assets under $25 million",4,"Total assets under $25 million",4,"Total assets under $25 million",4,"Total assets under $25 million",4,"Total assets under $25 million",4,"Total assets under $25 million",4,"Total assets under $25 million",4,"Total assets under $25 million",4,"Total assets under $25 million",4,"Total assets under $25 million",4,"Total assets under $25 million",4,"Total assets under $25 million",4,"Total assets under $50 million",4,"Total assets under $50 million",4,"Total assets under $50 million",4,"Total assets under $50 million",4,"Total assets under $50 million",4,"Total assets under $50 million",4,"Total assets under $50 million"
7,"Total assets $100 million and over",7,"Total assets $5 million to  less than $100 million",5,"Total assets $5 million and over",5,"Total assets $5 million and over",5,"Total assets $5 million and over",5,"Total assets $10,000,000 to $49,999,999",5,"Total assets $10,000,000 to $49,999,999",5,"Total assets $10,000,000 to $49,999,999",5,"Total assets $10,000,000 to $49,999,999",5,"Total assets under $5 million",5,"Total assets under $5 million",5,"Total assets under $5 million",5,"Total assets under $5 million",5,"Total assets under $5 million",5,"Total assets under $5 million",5,"Total assets under $5 million",5,"Total assets under $5 million",5,"Total assets under $5 million",5,"Total assets under $5 million",5,"Total assets under $5 million",5,"Total assets under $5 million",5,"Total assets under $5 million",5,"Total assets under $5 million",5,"Total assets under $5 million",5,"Total assets under $5 million",5,"Total assets under $5 million",5,"Total assets under $5 million",5,"Total assets under $5 million",5,"Total assets under $5 million",5,"Total assets under $5 million",6,"Total assets $25 million to less than $50 million",6,"Total assets $25 million to less than $50 million",6,"Total assets $25 million to less than $50 million",5,"Total assets under $25 million",5,"Total assets $25 million and over",5,"Total assets $25 million and over",5,"Total assets $25 million and over",5,"Total assets $25 million and over",5,"Total assets $25 million and over",5,"Total assets $25 million and over",5,"Total assets $25 million and over",5,"Total assets $25 million and over",5,"Total assets $25 million and over",5,"Total assets $25 million and over",5,"Total assets $25 million and over",5,"Total assets $25 million and over",5,"Total assets $25 million and over",5,"Total assets $25 million and over",5,"Total assets $25 million and over",5,"Total assets $25 million and over",5,"Total assets $25 million and over",5,"Total assets $25 million and over",5,"Total assets $25 million and over",5,"Total assets $25 million and over",5,"Total assets $25 million and over",5,"Total assets $25 million and over",5,"Total assets $25 million and over",5,"Total assets $25 million and over",5,"Total assets $25 million and over",5,"Total assets $25 million and over",5,"Total assets $25 million and over",5,"Total assets $25 million and over",5,"Total assets $25 million and over",5,"Total assets $25 million and over",5,"Total assets $25 million and over",5,"Total assets $25 million and over",5,"Total assets $25 million and over",5,"Total assets $25 million and over",5,"Total assets $25 million and over",5,"Total assets $25 million and over",5,"Total assets $25 million and over",5,"Total assets $25 million and over",5,"Total assets $50 million and over",5,"Total assets $50 million and over",5,"Total assets $50 million and over",5,"Total assets $50 million and over",5,"Total assets $50 million and over",5,"Total assets $50 million and over",5,"Total assets $50 million and over"
10,"All total asset sizes (universe totals)",10,"Total assets $100 million and over",6,"Total assets $50 million to less than $100 million",6,"Total assets $50 million to less than $100 million",6,"Total assets $50 million to less than $100 million",7,"Total assets $50,000,000 to $99,999,999",7,"Total assets $50,000,000 to $99,999,999",7,"Total assets $50,000,000 to $99,999,999",7,"Total assets $50,000,000 to $99,999,999",6,"Total assets  $5 million and over",6,"Total assets $5 million and over",6,"Total assets  $5 million and over",6,"Total assets  $5 million and over",6,"Total assets  $5 million and over",6,"Total assets  $5 million and over",6,"Total assets  $5 million and over",6,"Total assets  $5 million and over",6,"Total assets  $5 million and over",6,"Total assets  $5 million and over",6,"Total assets  $5 million and over",6,"Total assets  $5 million and over",6,"Total assets  $5 million and over",6,"Total assets  $5 million and over",6,"Total assets  $5 million and over",6,"Total assets  $5 million and over",6,"Total assets  $5 million and over",6,"Total assets  $5 million and over",6,"Total assets  $5 million and over",6,"Total assets  $5 million and over",6,"Total assets  $5 million and over",7,"Total assets $50 million to less than $100 million",7,"Total assets $50 million to less than $100 million",7,"Total assets $50 million to less than $100 million",6,"Total assets $25 million and over",6,"Total assets $25 million to less than $50 million",6,"Total assets $25 million to less than $50 million",6,"Total assets $25 million to less than $50 million",6,"Total assets $25 million to less than $50 million",6,"Total assets $25 million to less than $50 million",6,"Total assets $25 million to less than $50 million",6,"Total assets $25 million to less than $50 million",6,"Total assets $25 million to less than $50 million",6,"Total assets $25 million to less than $50 million",6,"Total assets $25 million to less than $50 million",6,"Total assets $25 million to less than $50 million",6,"Total assets $25 million to less than $50 million",6,"Total assets $25 million to less than $50 million",6,"Total assets $25 million to less than $50 million",6,"Total assets $25 million to less than $50 million",6,"Total assets $25 million to less than $50 million",6,"Total assets $25 million to less than $50 million",6,"Total assets $25 million to less than $50 million",6,"Total assets $25 million to less than $50 million",6,"Total assets $25 million to less than $50 million",6,"Total assets $25 million to less than $50 million",6,"Total assets $25 million to less than $50 million",6,"Total assets $25 million to less than $50 million",6,"Total assets $25 million to less than $50 million",6,"Total assets $25 million to less than $50 million",6,"Total assets $25 million to less than $50 million",6,"Total assets $25 million to less than $50 million",6,"Total assets $25 million to less than $50 million",6,"Total assets $25 million to less than $50 million",6,"Total assets $25 million to less than $50 million",6,"Total assets $25 million to less than $50 million",6,"Total assets $25 million to less than $50 million",6,"Total assets $25 million to less than $50 million",6,"Total assets $25 million to less than $50 million",6,"Total assets $25 million to less than $50 million",6,"Total assets $25 million to less than $50 million",6,"Total assets $25 million to less than $50 million",6,"Total assets $25 million to less than $50 million",6,"Total assets $50 million to less than $100 million",6,"Total assets $50 million to less than $100 million",6,"Total assets $50 million to less than $100 million",6,"Total assets $50 million to less than $100 million",6,"Total assets $50 million to less than $100 million",6,"Total assets $50 million to less than $100 million",6,"Total assets $50 million to less than $100 million"
,,,"All total asset sizes (universe totals)",7,"Total assets $100 million to less than $250 million",7,"Total assets $100 million to less than $250 million",7,"Total assets $100 million to less than $250 million",8,"Total assets $100,000,000 and over",8,"Total assets $100,000,000 and over",8,"Total assets $100,000,000 and over",8,"Total assets $100,000,000 and over",7,"Total assets $10 million to less than $50 million",7,"Total assets $10 million to less than $50 million",7,"Total assets $25 million to $50 million",7,"Total assets $25 million to less than $50 million",7,"Total assets $25 million to less than $50 million",7,"Total assets $25 million to less than $50 million",7,"Total assets $25 million to less than $50 million",7,"Total assets $25 million to less than $50 million",7,"Total assets $25 million to less than $50 million",7,"Total assets $25 million to less than $50 million",7,"Total assets $25 million to less than $50 million",7,"Total assets $25 million to less than $50 million",7,"Total assets $25 million to less than $50 million",7,"Total assets $25 million to less than $50 million",7,"Total assets $25 million to less than $50 million",7,"Total assets $25 million to less than $50 million",7,"Total assets $25 million to less than $50 million",7,"Total assets $25 million to less than $50 million",7,"Total assets $25 million to less than $50 million",7,"Total assets $25 million to less than $50 million",7,"Total assets $25 million to less than $50 million",8,"Total assets $100 million to less than $250 million",8,"Total assets $100 million to less than $250 million",8,"Total assets $100 million to less than $250 million",7,"Total assets $25 million to less than $50 million",7,"Total assets $50 million to less than $100 million",7,"Total assets $50 million to less than $100 million",7,"Total assets $50 million to less than $100 million",7,"Total assets $50 million to less than $100 million",7,"Total assets $50 million to less than $100 million",7,"Total assets $50 million to less than $100 million",7,"Total assets $50 million to less than $100 million",7,"Total assets $50 million to less than $100 million",7,"Total assets $50 million to less than $100 million",7,"Total assets $50 million to less than $100 million",7,"Total assets $50 million to less than $100 million",7,"Total assets $50 million to less than $100 million",7,"Total assets $50 million to less than $100 million",7,"Total assets $50 million to less than $100 million",7,"Total assets $50 million to less than $100 million",7,"Total assets $50 million to less than $100 million",7,"Total assets $50 million to less than $100 million",7,"Total assets $50 million to less than $100 million",7,"Total assets $50 million to less than $100 million",7,"Total assets $50 million to less than $100 million",7,"Total assets $50 million to less than $100 million",7,"Total assets $50 million to less than $100 million",7,"Total assets $50 million to less than $100 million",7,"Total assets $50 million to less than $100 million",7,"Total assets $50 million to less than $100 million",7,"Total assets $50 million to less than $100 million",7,"Total assets $50 million to less than $100 million",7,"Total assets $50 million to less than $100 million",7,"Total assets $50 million to less than $100 million",7,"Total assets $50 million to less than $100 million",7,"Total assets $50 million to less than $100 million",7,"Total assets $50 million to less than $100 million",7,"Total assets $50 million to less than $100 million",7,"Total assets $50 million to less than $100 million",7,"Total assets $50 million to less than $100 million",7,"Total assets $50 million to less than $100 million",7,"Total assets $50 million to less than $100 million",7,"Total assets $50 million to less than $100 million",7,"Total assets $100 million to less than $250 million",7,"Total assets $100 million to less than $250 million",7,"Total assets $100 million to less than $250 million",7,"Total assets $100 million to less than $250 million",7,"Total assets $100 million to less than $250 million",7,"Total assets $100 million to less than $250 million",7,"Total assets $100 million to less than $250 million"
,,,,8,"Total assets $250 million to less than $1 billion",8,"Total assets $250 million to less than $1 billion",8,"Total assets $250 million to less than $1 billion",9,"All total asset sizes (universe totals)",9,"All total asset sizes (universe totals)",9,"All total asset sizes (universe totals)",9,"All total asset sizes (universe totals)",8,"Total assets $50 million to less than $100 million",8,"Total assets $50 million to less than $100 million",8,"Total assets $50 million to $100 million",8,"Total assets $50 million to less than $100 million",8,"Total assets $50 million to less than $100 million",8,"Total assets $50 million to less than $100 million",8,"Total assets $50 million to less than $100 million",8,"Total assets $50 million to less than $100 million",8,"Total assets $50 million to less than $100 million",8,"Total assets $50 million to less than $100 million",8,"Total assets $50 million to less than $100 million",8,"Total assets $50 million to less than $100 million",8,"Total assets $50 million to less than $100 million",8,"Total assets $50 million to less than $100 million",8,"Total assets $50 million to less than $100 million",8,"Total assets $50 million to less than $100 million",8,"Total assets $50 million to less than $100 million",8,"Total assets $50 million to less than $100 million",8,"Total assets $50 million to less than $100 million",8,"Total assets $50 million to less than $100 million",8,"Total assets $50 million to less than $100 million",9,"Total assets $250 million to less than $1,000 million",9,"Total assets $250 million to less than $1 billion",9,"Total assets $250 million to less than $1 billion",8,"Total assets $50 million to less than $100 million",8,"Total assets $100 million to less than $250 million",8,"Total assets $100 million to less than $250 million",8,"Total assets $100 million to less than $250 million",8,"Total assets $100 million to less than $250 million",8,"Total assets $100 million to less than $250 million",8,"Total assets $100 million to less than $250 million",8,"Total assets $100 million to less than $250 million",8,"Total assets $100 million to less than $250 million",8,"Total assets $100 million to less than $250 million",8,"Total assets $100 million to less than $250 million",8,"Total assets $100 million to less than $250 million",8,"Total assets $100 million to less than $250 million",8,"Total assets $100 million to less than $250 million",8,"Total assets $100 million to less than $250 million",8,"Total assets $100 million to less than $250 million",8,"Total assets $100 million to less than $250 million",8,"Total assets $100 million to less than $250 million",8,"Total assets $100 million to less than $250 million",8,"Total assets $100 million to less than $250 million",8,"Total assets $100 million to less than $250 million",8,"Total assets $100 million to less than $250 million",8,"Total assets $100 million to less than $250 million",8,"Total assets $100 million to less than $250 million",8,"Total assets $100 million to less than $250 million",8,"Total assets $100 million to less than $250 million",8,"Total assets $100 million to less than $250 million",8,"Total assets $100 million to less than $250 million",8,"Total assets $100 million to less than $250 million",8,"Total assets $100 million to less than $250 million",8,"Total assets $100 million to less than $250 million",8,"Total assets $100 million to less than $250 million",8,"Total assets $100 million to less than $250 million",8,"Total assets $100 million to less than $250 million",8,"Total assets $100 million to less than $250 million",8,"Total assets $100 million to less than $250 million",8,"Total assets $100 million to less than $250 million",8,"Total assets $100 million to less than $250 million",8,"Total assets $100 million to less than $250 million",8,"Total assets $250 million to less than $1 billion",8,"Total assets $250 million to less than $1 billion",8,"Total assets $250 million to less than $1 billion",8,"Total assets $250 million to less than $1 billion",8,"Total assets $250 million to less than $1 billion",8,"Total assets $250 million to less than $1 billion",8,"Total assets $250 million to less than $1 billion"
,,,,9,"Total assets $1 billion and over",9,"Total assets $1 billion and over",9,"Total assets $1 billion and over",,,,,,,,,9,"Total assets $100 million to less than $250 million",9,"Total assets $100 million to less than $250 million",9,"Total assets $100 million to $250 million",9,"Total assets $100 million to less than $250 million",9,"Total assets $100 million to less than $250 million",9,"Total assets $100 million to less than $250 million",9,"Total assets $100 million to less than $250 million",9,"Total assets $100 million to less than $250 million",9,"Total assets $100 million to less than $250 million",9,"Total assets $100 million to less than $250 million",9,"Total assets $100 million to less than $250 million",9,"Total assets $100 million to less than $250 million",9,"Total assets $100 million to less than $250 million",9,"Total assets $100 million to less than $250 million",9,"Total assets $100 million to less than $250 million",9,"Total assets $100 million to less than $250 million",9,"Total assets $100 million to less than $250 million",9,"Total assets $100 million to less than $250 million",9,"Total assets $100 million to less than $250 million",9,"Total assets $100 million to less than $250 million",9,"Total assets $100 million to less than $250 million",10,"Total assets $1,000 million and over",10,"Total assets $1 billion and over",10,"Total assets $1 billion and over",9,"Total assets $100 million to less than $250 million",9,"Total assets $250 million to less than $1 billion",9,"Total assets $250 million to less than $1 billion",9,"Total assets $250 million to less than $1 billion",9,"Total assets $250 million to less than $1 billion",9,"Total assets $250 million to less than $1 billion",9,"Total assets $250 million to less than $1 billion",9,"Total assets $250 million to less than $1 billion",9,"Total assets $250 million to less than $1 billion",9,"Total assets $250 million to less than $1 billion",9,"Total assets $250 million to less than $1 billion",9,"Total assets $250 million to less than $1 billion",9,"Total assets $250 million to less than $1 billion",9,"Total assets $250 million to less than $1 billion",9,"Total assets $250 million to less than $1 billion",9,"Total assets $250 million to less than $1 billion",9,"Total assets $250 million to less than $1 billion",9,"Total assets $250 million to less than $1 billion",9,"Total assets $250 million to less than $1 billion",9,"Total assets $250 million to less than $1 billion",9,"Total assets $250 million to less than $1 billion",9,"Total assets $250 million to less than $1 billion",9,"Total assets $250 million to less than $1 billion",9,"Total assets $250 million to less than $1 billion",9,"Total assets $250 million to less than $1 billion",9,"Total assets $250 million to less than $1 billion",9,"Total assets $250 million to less than $1 billion",9,"Total assets $250 million to less than $1 billion",9,"Total assets $250 million to less than $1 billion",9,"Total assets $250 million to less than $1 billion",9,"Total assets $250 million to less than $1 billion",9,"Total assets $250 million to less than $1 billion",9,"Total assets $250 million to less than $1 billion",9,"Total assets $250 million to less than $1 billion",9,"Total assets $250 million to less than $1 billion",9,"Total assets $250 million to less than $1 billion",9,"Total assets $250 million to less than $1 billion",9,"Total assets $250 million to less than $1 billion",9,"Total assets $250 million to less than $1 billion",9,"Total assets $1 billion to less than $5 billion",9,"Total assets $1 billion to less than $5 billion",9,"Total assets $1 billion to less than $5 billion",9,"Total assets $1 billion to less than $5 billion",9,"Total assets $1 billion to less than $5 billion",9,"Total assets $1 billion to less than $5 billion",9,"Total assets $1 billion to less than $5 billion"
,,,,10,"All total asset sizes (universe totals)",10,"All total asset sizes (universe totals)",10,"All total asset sizes (universe totals)",,,,,,,,,10,"Total assets $250 million to less than $1 billion",10,"Total assets $250 million to less than $1 billion",10,"Total assets $250 million to $1000 million",10,"Total assets $250 million to less than $1 billion",10,"Total assets $250 million to less than $1 billion",10,"Total assets $250 million to less than $1 billion",10,"Total assets $250 million to less than $1 billion",10,"Total assets $250 million to less than $1 billion",10,"Total assets $250 million to less than $1 billion",10,"Total assets $250 million to less than $1 billion",10,"Total assets $250 million to less than $1 billion",10,"Total assets $250 million to less than $1 billion",10,"Total assets $250 million to less than $1 billion",10,"Total assets $250 million to less than $1 billion",10,"Total assets $250 million to less than $1 billion",10,"Total assets $250 million to less than $1 billion",10,"Total assets $250 million to less than $1 billion",10,"Total assets $250 million to less than $1 billion",10,"Total assets $250 million to less than $1 billion",10,"Total assets $250 million to less than $1 billion",10,"Total assets $250 million to less than $1 billion",11,"All total asset sizes (universe totals)",11,"All total asset sizes (universe totals)",11,"All total asset sizes (universe totals)",10,"Total assets $250 million to less than $1 billion",10,"Total assets $1 billion and over",10,"Total assets $1 billion and over",10,"Total assets $1 billion and over",10,"Total assets $1 billion and over",10,"Total assets $1 billion and over",10,"Total assets $1 billion and over",10,"Total assets $1 billion and over",10,"Total assets $1 billion and over",10,"Total assets $1 billion and over",10,"Total assets $1 billion and over",10,"Total assets $1 billion and over",10,"Total assets $1 billion and over",10,"Total assets $1 billion and over",10,"Total assets $1 billion and over",10,"Total assets $1 billion and over",10,"Total assets $1 billion and over",10,"Total assets $1 billion and over",10,"Total assets $1 billion and over",10,"Total assets $1 billion and over",10,"Total assets $1 billion and over",10,"Total assets $1 billion and over",10,"Total assets $1 billion and over",10,"Total assets $1 billion and over",10,"Total assets $1 billion and over",10,"Total assets $1 billion and over",10,"Total assets $1 billion and over",10,"Total assets $1 billion and over",10,"Total assets $1 billion and over",10,"Total assets $1 billion and over",10,"Total assets $1 billion and over",10,"Total assets $1 billion and over",10,"Total assets $1 billion and over",10,"Total assets $1 billion and over",10,"Total assets $1 billion and over",10,"Total assets $1 billion and over",10,"Total assets $1 billion and over",10,"Total assets $1 billion and over",10,"Total assets $1 billion and over",10,"Total assets $5 billion and over",10,"Total assets $5 billion and over",10,"Total assets $5 billion and over",10,"Total assets $5 billion and over",10,"Total assets $5 billion and over",10,"Total assets $5 billion and over",10,"Total assets $5 billion and over"
,,,,,,,,,,,,,,,,,,11,"Total assets $1 billion and over",11,"Total assets $1 billion and over",11,"Total assets $1000 million and over",11,"Total assets $1 billion and over",11,"Total assets $1 billion and over",11,"Total assets $1 billion and over",11,"Total assets $1 billion and over",11,"Total assets $1 billion and over",11,"Total assets $1 billion and over",11,"Total assets $1 billion and over",11,"Total assets $1 billion and over",11,"Total assets $1 billion and over",11,"Total assets $1 billion and over",11,"Total assets $1 billion and over",11,"Total assets $1 billion and over",11,"Total assets $1 billion and over",11,"Total assets $1 billion and over",11,"Total assets $1 billion and over",11,"Total assets $1 billion and over",11,"Total assets $1 billion and over",11,"Total assets $1 billion and over",,,,,,,11,"Total assets $1 billion and over",11,"All total asset sizes (universe totals)",11,"All total asset sizes (universe totals)",11,"All total asset sizes (universe totals)",11,"All total asset sizes (universe totals)",11,"All total asset sizes (universe totals)",11,"All total asset sizes (universe totals)",11,"All total asset sizes (universe totals)",11,"All total asset sizes (universe totals)",11,"All total asset sizes (universe totals)",11,"All total asset sizes (universe totals)",11,"All total asset sizes (universe totals)",11,"All total asset sizes (universe totals)",11,"All total asset sizes (universe totals)",11,"All total asset sizes (universe totals)",11,"All total asset sizes (universe totals)",11,"All total asset sizes (universe totals)",11,"All total asset sizes (universe totals)",11,"All total asset sizes (universe totals)",11,"All total asset sizes (universe totals)",11,"All total asset sizes (universe totals)",11,"All total asset sizes (universe totals)",11,"All total asset sizes (universe totals)",11,"All total asset sizes (universe totals)",11,"All total asset sizes (universe totals)",11,"All total asset sizes (universe totals)",11,"All total asset sizes (universe totals)",11,"All total asset sizes (universe totals)",11,"All total asset sizes (universe totals)",11,"All total asset sizes (universe totals)",11,"All total asset sizes (universe totals)",11,"All total asset sizes (universe totals)",11,"All total asset sizes (universe totals)",11,"All total asset sizes (universe totals)",11,"All total asset sizes (universe totals)",11,"All total asset sizes (universe totals)",11,"All total asset sizes (universe totals)",11,"All total asset sizes (universe totals)",11,"All total asset sizes (universe totals)",11,"All total asset sizes (universe totals)",11,"All total asset sizes (universe totals)",11,"All total asset sizes (universe totals)",11,"All total asset sizes (universe totals)",11,"All total asset sizes (universe totals)",11,"All total asset sizes (universe totals)",11,"All total asset sizes (universe totals)"
,,,,,,,,,,,,,,,,,,12,"All total asset sizes (universe totals)",12,"All total asset sizes (universe totals)",12,"All total asset sizes (universe totals)",12,"All total asset sizes (universe totals)",12,"All total asset sizes (universe totals)",12,"All total asset sizes (universe totals)",12,"All total asset sizes (universe totals)",12,"All total asset sizes (universe totals)",12,"All total asset sizes (universe totals)",12,"All total asset sizes (universe totals)",12,"All total asset sizes (universe totals)",12,"All total asset sizes (universe totals)",12,"All total asset sizes (universe totals)",12,"All total asset sizes (universe totals)",12,"All total asset sizes (universe totals)",12,"All total asset sizes (universe totals)",12,"All total asset sizes (universe totals)",12,"All total asset sizes (universe totals)",12,"All total asset sizes (universe totals)",12,"All total asset sizes (universe totals)",12,"All total asset sizes (universe totals)",,,,,,,12,"All total asset sizes (universe totals)",,,,,,,,,,,,,,,,,,,,,,,,,,,,,,,,,,,,,,,,,,,,,,,,,,,,,,,,,,,,,,,,,,,,,,,,,,,,,,,,,,,,,,,,,,
,,,,,,,,,,,,,,,,,,,,,,,,,,,,,,,,,,,,,,,,,,,,,,,,,,,,,,,,,,,,,,,,,,,,,,,,,,,,,,,,,,,,,,,,,,,,,,,,,,,,,,,,,,,,,,,,,,,,,,,,,,,,,,,,,,,,,,,,,,,,,,,,,,,,,,,,,,,,,
