"asset_size_code","description","year"
1,"Total assets under $250,000",1947
2,"Total assets $250,000 to $999,999",1947
3,"Total assets $1 million to $5 million",1947
4,"Total assets $5 million to  less than $100 million",1947
7,"Total assets $100 million and over",1947
10,"All total asset sizes (universe totals)",1947
1,NA,1948
2,"Total assets under $250,000",1948
3,"Total assets $250,000 to $999,999",1948
4,"Total assets $1 million to $5 million",1948
7,"Total assets $5 million to  less than $100 million",1948
10,"Total assets $100 million and over",1948
NA,"All total asset sizes (universe totals)",1948
1,"Total assets under $250,000",1949
2,"Total assets $250,000 to $999,999",1949
3,"Total assets $1 million to $5 million",1949
4,"Total assets $5 million to  less than $100 million",1949
5,"Total assets $5 million and over",1949
6,"Total assets $50 million to less than $100 million",1949
7,"Total assets $100 million to less than $250 million",1949
8,"Total assets $250 million to less than $1 billion",1949
9,"Total assets $1 billion and over",1949
10,"All total asset sizes (universe totals)",1949
1,"Total assets under $250,000",1950
2,"Total assets $250,000 to $999,999",1950
3,"Total assets $1 million to $5 million",1950
4,"Total assets $5 million to  less than $100 million",1950
5,"Total assets $5 million and over",1950
6,"Total assets $50 million to less than $100 million",1950
7,"Total assets $100 million to less than $250 million",1950
8,"Total assets $250 million to less than $1 billion",1950
9,"Total assets $1 billion and over",1950
10,"All total asset sizes (universe totals)",1950
1,"Total assets under $250,000",1951
2,"Total assets $250,000 to $999,999",1951
3,"Total assets $1 million to $5 million",1951
4,"Total assets $5 million to  less than $100 million",1951
5,"Total assets $5 million and over",1951
6,"Total assets $50 million to less than $100 million",1951
7,"Total assets $100 million to less than $250 million",1951
8,"Total assets $250 million to less than $1 billion",1951
9,"Total assets $1 billion and over",1951
10,"All total asset sizes (universe totals)",1951
1,"Total assets under $250,000",1952
2,"Total assets $250,000 to $999,999",1952
3,"Total assets $1,000,000 to $4,999,999",1952
4,"Total assets $5,000,000 to $9,999,999",1952
5,"Total assets $10,000,000 to $49,999,999",1952
7,"Total assets $50,000,000 to $99,999,999",1952
8,"Total assets $100,000,000 and over",1952
9,"All total asset sizes (universe totals)",1952
1,"Total assets under $250,000",1953
2,"Total assets $250,000 to $999,999",1953
3,"Total assets $1,000,000 to $4,999,999",1953
4,"Total assets $5,000,000 to $9,999,999",1953
5,"Total assets $10,000,000 to $49,999,999",1953
7,"Total assets $50,000,000 to $99,999,999",1953
8,"Total assets $100,000,000 and over",1953
9,"All total asset sizes (universe totals)",1953
1,"Total assets under $250,000",1954
2,"Total assets $250,000 to $999,999",1954
3,"Total assets $1,000,000 to $4,999,999",1954
4,"Total assets $5,000,000 to $9,999,999",1954
5,"Total assets $10,000,000 to $49,999,999",1954
7,"Total assets $50,000,000 to $99,999,999",1954
8,"Total assets $100,000,000 and over",1954
9,"All total asset sizes (universe totals)",1954
1,"Total assets under $250,000",1955
2,"Total assets $250,000 to $999,999",1955
3,"Total assets $1,000,000 to $4,999,999",1955
4,"Total assets $5,000,000 to $9,999,999",1955
5,"Total assets $10,000,000 to $49,999,999",1955
7,"Total assets $50,000,000 to $99,999,999",1955
8,"Total assets $100,000,000 and over",1955
9,"All total asset sizes (universe totals)",1955
1,"Total assets under $250,000",1956
2,"Total assets $250,000 to $999,999",1956
3,"Total assets $1 million to less than $5 million",1956
4,"Total assets $5 million to less than $10 million",1956
5,"Total assets under $5 million",1956
6,"Total assets  $5 million and over",1956
7,"Total assets $10 million to less than $50 million",1956
8,"Total assets $50 million to less than $100 million",1956
9,"Total assets $100 million to less than $250 million",1956
10,"Total assets $250 million to less than $1 billion",1956
11,"Total assets $1 billion and over",1956
12,"All total asset sizes (universe totals)",1956
1,"Total assets under $250,000",1957
2,"Total assets $250,000 to $999,999",1957
3,"Total assets $1 million to less than $5 million",1957
4,"Total assets $5 million to less than $10 million",1957
5,"Total assets under $5 million",1957
6,"Total assets $5 million and over",1957
7,"Total assets $10 million to less than $50 million",1957
8,"Total assets $50 million to less than $100 million",1957
9,"Total assets $100 million to less than $250 million",1957
10,"Total assets $250 million to less than $1 billion",1957
11,"Total assets $1 billion and over",1957
12,"All total asset sizes (universe totals)",1957
1,"Total assets under $1 Million",1958
2,"Total assets $1 million to $5 million",1958
3,"Total assets $5 million to $10 million",1958
4,"Total assets $10 million to $25 million",1958
5,"Total assets under $5 million",1958
6,"Total assets  $5 million and over",1958
7,"Total assets $25 million to $50 million",1958
8,"Total assets $50 million to $100 million",1958
9,"Total assets $100 million to $250 million",1958
10,"Total assets $250 million to $1000 million",1958
11,"Total assets $1000 million and over",1958
12,"All total asset sizes (universe totals)",1958
NA,NA,1958
1,"Total assets under $1 million",1959
2,"Total assets $1 million to $5 million",1959
3,"Total assets $5 million to $10 million",1959
4,"Total assets $10 million to less than $25 million",1959
5,"Total assets under $5 million",1959
6,"Total assets  $5 million and over",1959
7,"Total assets $25 million to less than $50 million",1959
8,"Total assets $50 million to less than $100 million",1959
9,"Total assets $100 million to less than $250 million",1959
10,"Total assets $250 million to less than $1 billion",1959
11,"Total assets $1 billion and over",1959
12,"All total asset sizes (universe totals)",1959
1,"Total assets under $1 million",1960
2,"Total assets $1 million to $5 million",1960
3,"Total assets $5 million to $10 million",1960
4,"Total assets $10 million to less than $25 million",1960
5,"Total assets under $5 million",1960
6,"Total assets  $5 million and over",1960
7,"Total assets $25 million to less than $50 million",1960
8,"Total assets $50 million to less than $100 million",1960
9,"Total assets $100 million to less than $250 million",1960
10,"Total assets $250 million to less than $1 billion",1960
11,"Total assets $1 billion and over",1960
12,"All total asset sizes (universe totals)",1960
1,"Total assets under $1 million",1961
2,"Total assets $1 million to $5 million",1961
3,"Total assets $5 million to $10 million",1961
4,"Total assets $10 million to less than $25 million",1961
5,"Total assets under $5 million",1961
6,"Total assets  $5 million and over",1961
7,"Total assets $25 million to less than $50 million",1961
8,"Total assets $50 million to less than $100 million",1961
9,"Total assets $100 million to less than $250 million",1961
10,"Total assets $250 million to less than $1 billion",1961
11,"Total assets $1 billion and over",1961
12,"All total asset sizes (universe totals)",1961
1,"Total assets under $1 million",1962
2,"Total assets $1 million to $5 million",1962
3,"Total assets $5 million to $10 million",1962
4,"Total assets $10 million to less than $25 million",1962
5,"Total assets under $5 million",1962
6,"Total assets  $5 million and over",1962
7,"Total assets $25 million to less than $50 million",1962
8,"Total assets $50 million to less than $100 million",1962
9,"Total assets $100 million to less than $250 million",1962
10,"Total assets $250 million to less than $1 billion",1962
11,"Total assets $1 billion and over",1962
12,"All total asset sizes (universe totals)",1962
1,"Total assets under $1 million",1963
2,"Total assets $1 million to $5 million",1963
3,"Total assets $5 million to $10 million",1963
4,"Total assets $10 million to less than $25 million",1963
5,"Total assets under $5 million",1963
6,"Total assets  $5 million and over",1963
7,"Total assets $25 million to less than $50 million",1963
8,"Total assets $50 million to less than $100 million",1963
9,"Total assets $100 million to less than $250 million",1963
10,"Total assets $250 million to less than $1 billion",1963
11,"Total assets $1 billion and over",1963
12,"All total asset sizes (universe totals)",1963
1,"Total assets under $1 million",1964
2,"Total assets $1 million to $5 million",1964
3,"Total assets $5 million to $10 million",1964
4,"Total assets $10 million to less than $25 million",1964
5,"Total assets under $5 million",1964
6,"Total assets  $5 million and over",1964
7,"Total assets $25 million to less than $50 million",1964
8,"Total assets $50 million to less than $100 million",1964
9,"Total assets $100 million to less than $250 million",1964
10,"Total assets $250 million to less than $1 billion",1964
11,"Total assets $1 billion and over",1964
12,"All total asset sizes (universe totals)",1964
1,"Total assets under $1 million",1965
2,"Total assets $1 million to $5 million",1965
3,"Total assets $5 million to $10 million",1965
4,"Total assets $10 million to less than $25 million",1965
5,"Total assets under $5 million",1965
6,"Total assets  $5 million and over",1965
7,"Total assets $25 million to less than $50 million",1965
8,"Total assets $50 million to less than $100 million",1965
9,"Total assets $100 million to less than $250 million",1965
10,"Total assets $250 million to less than $1 billion",1965
11,"Total assets $1 billion and over",1965
12,"All total asset sizes (universe totals)",1965
1,"Total assets under $1 million",1966
2,"Total assets $1 million to $5 million",1966
3,"Total assets $5 million to $10 million",1966
4,"Total assets $10 million to less than $25 million",1966
5,"Total assets under $5 million",1966
6,"Total assets  $5 million and over",1966
7,"Total assets $25 million to less than $50 million",1966
8,"Total assets $50 million to less than $100 million",1966
9,"Total assets $100 million to less than $250 million",1966
10,"Total assets $250 million to less than $1 billion",1966
11,"Total assets $1 billion and over",1966
12,"All total asset sizes (universe totals)",1966
1,"Total assets under $1 million",1967
2,"Total assets $1 million to $5 million",1967
3,"Total assets $5 million to $10 million",1967
4,"Total assets $10 million to less than $25 million",1967
5,"Total assets under $5 million",1967
6,"Total assets  $5 million and over",1967
7,"Total assets $25 million to less than $50 million",1967
8,"Total assets $50 million to less than $100 million",1967
9,"Total assets $100 million to less than $250 million",1967
10,"Total assets $250 million to less than $1 billion",1967
11,"Total assets $1 billion and over",1967
12,"All total asset sizes (universe totals)",1967
1,"Total assets under $1 million",1968
2,"Total assets $1 million to $5 million",1968
3,"Total assets $5 million to $10 million",1968
4,"Total assets $10 million to less than $25 million",1968
5,"Total assets under $5 million",1968
6,"Total assets  $5 million and over",1968
7,"Total assets $25 million to less than $50 million",1968
8,"Total assets $50 million to less than $100 million",1968
9,"Total assets $100 million to less than $250 million",1968
10,"Total assets $250 million to less than $1 billion",1968
11,"Total assets $1 billion and over",1968
12,"All total asset sizes (universe totals)",1968
1,"Total assets under $1 million",1969
2,"Total assets $1 million to $5 million",1969
3,"Total assets $5 million to $10 million",1969
4,"Total assets $10 million to less than $25 million",1969
5,"Total assets under $5 million",1969
6,"Total assets  $5 million and over",1969
7,"Total assets $25 million to less than $50 million",1969
8,"Total assets $50 million to less than $100 million",1969
9,"Total assets $100 million to less than $250 million",1969
10,"Total assets $250 million to less than $1 billion",1969
11,"Total assets $1 billion and over",1969
12,"All total asset sizes (universe totals)",1969
1,"Total assets under $1 million",1970
2,"Total assets $1 million to $5 million",1970
3,"Total assets $5 million to $10 million",1970
4,"Total assets $10 million to less than $25 million",1970
5,"Total assets under $5 million",1970
6,"Total assets  $5 million and over",1970
7,"Total assets $25 million to less than $50 million",1970
8,"Total assets $50 million to less than $100 million",1970
9,"Total assets $100 million to less than $250 million",1970
10,"Total assets $250 million to less than $1 billion",1970
11,"Total assets $1 billion and over",1970
12,"All total asset sizes (universe totals)",1970
1,"Total assets under $1 million",1971
2,"Total assets $1 million to $5 million",1971
3,"Total assets $5 million to $10 million",1971
4,"Total assets $10 million to less than $25 million",1971
5,"Total assets under $5 million",1971
6,"Total assets  $5 million and over",1971
7,"Total assets $25 million to less than $50 million",1971
8,"Total assets $50 million to less than $100 million",1971
9,"Total assets $100 million to less than $250 million",1971
10,"Total assets $250 million to less than $1 billion",1971
11,"Total assets $1 billion and over",1971
12,"All total asset sizes (universe totals)",1971
1,"Total assets under $1 million",1972
2,"Total assets $1 million to $5 million",1972
3,"Total assets $5 million to $10 million",1972
4,"Total assets $10 million to less than $25 million",1972
5,"Total assets under $5 million",1972
6,"Total assets  $5 million and over",1972
7,"Total assets $25 million to less than $50 million",1972
8,"Total assets $50 million to less than $100 million",1972
9,"Total assets $100 million to less than $250 million",1972
10,"Total assets $250 million to less than $1 billion",1972
11,"Total assets $1 billion and over",1972
12,"All total asset sizes (universe totals)",1972
1,"Total assets under $1 million",1973
2,"Total assets $1 million to $5 million",1973
3,"Total assets $5 million to $10 million",1973
4,"Total assets $10 million to less than $25 million",1973
5,"Total assets under $5 million",1973
6,"Total assets  $5 million and over",1973
7,"Total assets $25 million to less than $50 million",1973
8,"Total assets $50 million to less than $100 million",1973
9,"Total assets $100 million to less than $250 million",1973
10,"Total assets $250 million to less than $1 billion",1973
11,"Total assets $1 billion and over",1973
12,"All total asset sizes (universe totals)",1973
1,"Total assets under $1 million",1974
2,"Total assets $1 million to $5 million",1974
3,"Total assets $5 million to $10 million",1974
4,"Total assets $10 million to less than $25 million",1974
5,"Total assets under $5 million",1974
6,"Total assets  $5 million and over",1974
7,"Total assets $25 million to less than $50 million",1974
8,"Total assets $50 million to less than $100 million",1974
9,"Total assets $100 million to less than $250 million",1974
10,"Total assets $250 million to less than $1 billion",1974
11,"Total assets $1 billion and over",1974
12,"All total asset sizes (universe totals)",1974
1,"Total assets under $1 million",1975
2,"Total assets $1 million to $5 million",1975
3,"Total assets $5 million to $10 million",1975
4,"Total assets $10 million to less than $25 million",1975
5,"Total assets under $5 million",1975
6,"Total assets  $5 million and over",1975
7,"Total assets $25 million to less than $50 million",1975
8,"Total assets $50 million to less than $100 million",1975
9,"Total assets $100 million to less than $250 million",1975
10,"Total assets $250 million to less than $1 billion",1975
11,"Total assets $1 billion and over",1975
12,"All total asset sizes (universe totals)",1975
1,"Total assets under $1 million",1976
2,"Total assets $1 million to $5 million",1976
3,"Total assets $5 million to $10 million",1976
4,"Total assets $10 million to less than $25 million",1976
5,"Total assets under $5 million",1976
6,"Total assets  $5 million and over",1976
7,"Total assets $25 million to less than $50 million",1976
8,"Total assets $50 million to less than $100 million",1976
9,"Total assets $100 million to less than $250 million",1976
10,"Total assets $250 million to less than $1 billion",1976
11,"Total assets $1 billion and over",1976
12,"All total asset sizes (universe totals)",1976
1,"Total assets under $5 million",1977
2,"Total assets $5 million to $10 million",1977
3,"Total assets $10 million to less than $25 million",1977
4,"Total assets  $5 million and over",1977
6,"Total assets $25 million to less than $50 million",1977
7,"Total assets $50 million to less than $100 million",1977
8,"Total assets $100 million to less than $250 million",1977
9,"Total assets $250 million to less than $1,000 million",1977
10,"Total assets $1,000 million and over",1977
11,"All total asset sizes (universe totals)",1977
1,"Total assets under $5 million",1978
2,"Total assets $5 million to $10 million",1978
3,"Total assets $10 million to less than $25 million",1978
4,"Total assets  $5 million and over",1978
6,"Total assets $25 million to less than $50 million",1978
7,"Total assets $50 million to less than $100 million",1978
8,"Total assets $100 million to less than $250 million",1978
9,"Total assets $250 million to less than $1 billion",1978
10,"Total assets $1 billion and over",1978
11,"All total asset sizes (universe totals)",1978
1,"Total assets under $5 million",1979
2,"Total assets $5 million to $10 million",1979
3,"Total assets $10 million to less than $25 million",1979
4,"Total assets  $5 million and over",1979
6,"Total assets $25 million to less than $50 million",1979
7,"Total assets $50 million to less than $100 million",1979
8,"Total assets $100 million to less than $250 million",1979
9,"Total assets $250 million to less than $1 billion",1979
10,"Total assets $1 billion and over",1979
11,"All total asset sizes (universe totals)",1979
1,"Total assets under $5 million",1980
2,"Total assets $5 million and over",1980
3,"Total assets $5 million to less than $10 million",1980
4,"Total assets $10 million to less than $25 million",1980
5,"Total assets under $25 million",1980
6,"Total assets $25 million and over",1980
7,"Total assets $25 million to less than $50 million",1980
8,"Total assets $50 million to less than $100 million",1980
9,"Total assets $100 million to less than $250 million",1980
10,"Total assets $250 million to less than $1 billion",1980
11,"Total assets $1 billion and over",1980
12,"All total asset sizes (universe totals)",1980
1,"Total assets under $5 million",1981
2,"Total assets $5 million to less than $10 million",1981
3,"Total assets $10 million to less than $25 million",1981
4,"Total assets under $25 million",1981
5,"Total assets $25 million and over",1981
6,"Total assets $25 million to less than $50 million",1981
7,"Total assets $50 million to less than $100 million",1981
8,"Total assets $100 million to less than $250 million",1981
9,"Total assets $250 million to less than $1 billion",1981
10,"Total assets $1 billion and over",1981
11,"All total asset sizes (universe totals)",1981
1,"Total assets under $5 million",1982
2,"Total assets $5 million to less than $10 million",1982
3,"Total assets $10 million to less than $25 million",1982
4,"Total assets under $25 million",1982
5,"Total assets $25 million and over",1982
6,"Total assets $25 million to less than $50 million",1982
7,"Total assets $50 million to less than $100 million",1982
8,"Total assets $100 million to less than $250 million",1982
9,"Total assets $250 million to less than $1 billion",1982
10,"Total assets $1 billion and over",1982
11,"All total asset sizes (universe totals)",1982
1,"Total assets under $5 million",1983
2,"Total assets $5 million to less than $10 million",1983
3,"Total assets $10 million to less than $25 million",1983
4,"Total assets under $25 million",1983
5,"Total assets $25 million and over",1983
6,"Total assets $25 million to less than $50 million",1983
7,"Total assets $50 million to less than $100 million",1983
8,"Total assets $100 million to less than $250 million",1983
9,"Total assets $250 million to less than $1 billion",1983
10,"Total assets $1 billion and over",1983
11,"All total asset sizes (universe totals)",1983
1,"Total assets under $5 million",1984
2,"Total assets $5 million to less than $10 million",1984
3,"Total assets $10 million to less than $25 million",1984
4,"Total assets under $25 million",1984
5,"Total assets $25 million and over",1984
6,"Total assets $25 million to less than $50 million",1984
7,"Total assets $50 million to less than $100 million",1984
8,"Total assets $100 million to less than $250 million",1984
9,"Total assets $250 million to less than $1 billion",1984
10,"Total assets $1 billion and over",1984
11,"All total asset sizes (universe totals)",1984
1,"Total assets under $5 million",1985
2,"Total assets $5 million to less than $10 million",1985
3,"Total assets $10 million to less than $25 million",1985
4,"Total assets under $25 million",1985
5,"Total assets $25 million and over",1985
6,"Total assets $25 million to less than $50 million",1985
7,"Total assets $50 million to less than $100 million",1985
8,"Total assets $100 million to less than $250 million",1985
9,"Total assets $250 million to less than $1 billion",1985
10,"Total assets $1 billion and over",1985
11,"All total asset sizes (universe totals)",1985
1,"Total assets under $5 million",1986
2,"Total assets $5 million to less than $10 million",1986
3,"Total assets $10 million to less than $25 million",1986
4,"Total assets under $25 million",1986
5,"Total assets $25 million and over",1986
6,"Total assets $25 million to less than $50 million",1986
7,"Total assets $50 million to less than $100 million",1986
8,"Total assets $100 million to less than $250 million",1986
9,"Total assets $250 million to less than $1 billion",1986
10,"Total assets $1 billion and over",1986
11,"All total asset sizes (universe totals)",1986
1,"Total assets under $5 million",1987
2,"Total assets $5 million to less than $10 million",1987
3,"Total assets $10 million to less than $25 million",1987
4,"Total assets under $25 million",1987
5,"Total assets $25 million and over",1987
6,"Total assets $25 million to less than $50 million",1987
7,"Total assets $50 million to less than $100 million",1987
8,"Total assets $100 million to less than $250 million",1987
9,"Total assets $250 million to less than $1 billion",1987
10,"Total assets $1 billion and over",1987
11,"All total asset sizes (universe totals)",1987
1,"Total assets under $5 million",1988
2,"Total assets $5 million to less than $10 million",1988
3,"Total assets $10 million to less than $25 million",1988
4,"Total assets under $25 million",1988
5,"Total assets $25 million and over",1988
6,"Total assets $25 million to less than $50 million",1988
7,"Total assets $50 million to less than $100 million",1988
8,"Total assets $100 million to less than $250 million",1988
9,"Total assets $250 million to less than $1 billion",1988
10,"Total assets $1 billion and over",1988
11,"All total asset sizes (universe totals)",1988
1,"Total assets under $5 million",1989
2,"Total assets $5 million to less than $10 million",1989
3,"Total assets $10 million to less than $25 million",1989
4,"Total assets under $25 million",1989
5,"Total assets $25 million and over",1989
6,"Total assets $25 million to less than $50 million",1989
7,"Total assets $50 million to less than $100 million",1989
8,"Total assets $100 million to less than $250 million",1989
9,"Total assets $250 million to less than $1 billion",1989
10,"Total assets $1 billion and over",1989
11,"All total asset sizes (universe totals)",1989
1,"Total assets under $5 million",1990
2,"Total assets $5 million to less than $10 million",1990
3,"Total assets $10 million to less than $25 million",1990
4,"Total assets under $25 million",1990
5,"Total assets $25 million and over",1990
6,"Total assets $25 million to less than $50 million",1990
7,"Total assets $50 million to less than $100 million",1990
8,"Total assets $100 million to less than $250 million",1990
9,"Total assets $250 million to less than $1 billion",1990
10,"Total assets $1 billion and over",1990
11,"All total asset sizes (universe totals)",1990
1,"Total assets under $5 million",1991
2,"Total assets $5 million to less than $10 million",1991
3,"Total assets $10 million to less than $25 million",1991
4,"Total assets under $25 million",1991
5,"Total assets $25 million and over",1991
6,"Total assets $25 million to less than $50 million",1991
7,"Total assets $50 million to less than $100 million",1991
8,"Total assets $100 million to less than $250 million",1991
9,"Total assets $250 million to less than $1 billion",1991
10,"Total assets $1 billion and over",1991
11,"All total asset sizes (universe totals)",1991
1,"Total assets under $5 million",1992
2,"Total assets $5 million to less than $10 million",1992
3,"Total assets $10 million to less than $25 million",1992
4,"Total assets under $25 million",1992
5,"Total assets $25 million and over",1992
6,"Total assets $25 million to less than $50 million",1992
7,"Total assets $50 million to less than $100 million",1992
8,"Total assets $100 million to less than $250 million",1992
9,"Total assets $250 million to less than $1 billion",1992
10,"Total assets $1 billion and over",1992
11,"All total asset sizes (universe totals)",1992
1,"Total assets under $5 million",1993
2,"Total assets $5 million to less than $10 million",1993
3,"Total assets $10 million to less than $25 million",1993
4,"Total assets under $25 million",1993
5,"Total assets $25 million and over",1993
6,"Total assets $25 million to less than $50 million",1993
7,"Total assets $50 million to less than $100 million",1993
8,"Total assets $100 million to less than $250 million",1993
9,"Total assets $250 million to less than $1 billion",1993
10,"Total assets $1 billion and over",1993
11,"All total asset sizes (universe totals)",1993
1,"Total assets under $5 million",1994
2,"Total assets $5 million to less than $10 million",1994
3,"Total assets $10 million to less than $25 million",1994
4,"Total assets under $25 million",1994
5,"Total assets $25 million and over",1994
6,"Total assets $25 million to less than $50 million",1994
7,"Total assets $50 million to less than $100 million",1994
8,"Total assets $100 million to less than $250 million",1994
9,"Total assets $250 million to less than $1 billion",1994
10,"Total assets $1 billion and over",1994
11,"All total asset sizes (universe totals)",1994
1,"Total assets under $5 million",1995
2,"Total assets $5 million to less than $10 million",1995
3,"Total assets $10 million to less than $25 million",1995
4,"Total assets under $25 million",1995
5,"Total assets $25 million and over",1995
6,"Total assets $25 million to less than $50 million",1995
7,"Total assets $50 million to less than $100 million",1995
8,"Total assets $100 million to less than $250 million",1995
9,"Total assets $250 million to less than $1 billion",1995
10,"Total assets $1 billion and over",1995
11,"All total asset sizes (universe totals)",1995
1,"Total assets under $5 million",1996
2,"Total assets $5 million to less than $10 million",1996
3,"Total assets $10 million to less than $25 million",1996
4,"Total assets under $25 million",1996
5,"Total assets $25 million and over",1996
6,"Total assets $25 million to less than $50 million",1996
7,"Total assets $50 million to less than $100 million",1996
8,"Total assets $100 million to less than $250 million",1996
9,"Total assets $250 million to less than $1 billion",1996
10,"Total assets $1 billion and over",1996
11,"All total asset sizes (universe totals)",1996
1,"Total assets under $5 million",1997
2,"Total assets $5 million to less than $10 million",1997
3,"Total assets $10 million to less than $25 million",1997
4,"Total assets under $25 million",1997
5,"Total assets $25 million and over",1997
6,"Total assets $25 million to less than $50 million",1997
7,"Total assets $50 million to less than $100 million",1997
8,"Total assets $100 million to less than $250 million",1997
9,"Total assets $250 million to less than $1 billion",1997
10,"Total assets $1 billion and over",1997
11,"All total asset sizes (universe totals)",1997
1,"Total assets under $5 million",1998
2,"Total assets $5 million to less than $10 million",1998
3,"Total assets $10 million to less than $25 million",1998
4,"Total assets under $25 million",1998
5,"Total assets $25 million and over",1998
6,"Total assets $25 million to less than $50 million",1998
7,"Total assets $50 million to less than $100 million",1998
8,"Total assets $100 million to less than $250 million",1998
9,"Total assets $250 million to less than $1 billion",1998
10,"Total assets $1 billion and over",1998
11,"All total asset sizes (universe totals)",1998
1,"Total assets under $5 million",1999
2,"Total assets $5 million to less than $10 million",1999
3,"Total assets $10 million to less than $25 million",1999
4,"Total assets under $25 million",1999
5,"Total assets $25 million and over",1999
6,"Total assets $25 million to less than $50 million",1999
7,"Total assets $50 million to less than $100 million",1999
8,"Total assets $100 million to less than $250 million",1999
9,"Total assets $250 million to less than $1 billion",1999
10,"Total assets $1 billion and over",1999
11,"All total asset sizes (universe totals)",1999
1,"Total assets under $5 million",2000
2,"Total assets $5 million to less than $10 million",2000
3,"Total assets $10 million to less than $25 million",2000
4,"Total assets under $25 million",2000
5,"Total assets $25 million and over",2000
6,"Total assets $25 million to less than $50 million",2000
7,"Total assets $50 million to less than $100 million",2000
8,"Total assets $100 million to less than $250 million",2000
9,"Total assets $250 million to less than $1 billion",2000
10,"Total assets $1 billion and over",2000
11,"All total asset sizes (universe totals)",2000
1,"Total assets under $5 million",2001
2,"Total assets $5 million to less than $10 million",2001
3,"Total assets $10 million to less than $25 million",2001
4,"Total assets under $25 million",2001
5,"Total assets $25 million and over",2001
6,"Total assets $25 million to less than $50 million",2001
7,"Total assets $50 million to less than $100 million",2001
8,"Total assets $100 million to less than $250 million",2001
9,"Total assets $250 million to less than $1 billion",2001
10,"Total assets $1 billion and over",2001
11,"All total asset sizes (universe totals)",2001
1,"Total assets under $5 million",2002
2,"Total assets $5 million to less than $10 million",2002
3,"Total assets $10 million to less than $25 million",2002
4,"Total assets under $25 million",2002
5,"Total assets $25 million and over",2002
6,"Total assets $25 million to less than $50 million",2002
7,"Total assets $50 million to less than $100 million",2002
8,"Total assets $100 million to less than $250 million",2002
9,"Total assets $250 million to less than $1 billion",2002
10,"Total assets $1 billion and over",2002
11,"All total asset sizes (universe totals)",2002
1,"Total assets under $5 million",2003
2,"Total assets $5 million to less than $10 million",2003
3,"Total assets $10 million to less than $25 million",2003
4,"Total assets under $25 million",2003
5,"Total assets $25 million and over",2003
6,"Total assets $25 million to less than $50 million",2003
7,"Total assets $50 million to less than $100 million",2003
8,"Total assets $100 million to less than $250 million",2003
9,"Total assets $250 million to less than $1 billion",2003
10,"Total assets $1 billion and over",2003
11,"All total asset sizes (universe totals)",2003
1,"Total assets under $5 million",2004
2,"Total assets $5 million to less than $10 million",2004
3,"Total assets $10 million to less than $25 million",2004
4,"Total assets under $25 million",2004
5,"Total assets $25 million and over",2004
6,"Total assets $25 million to less than $50 million",2004
7,"Total assets $50 million to less than $100 million",2004
8,"Total assets $100 million to less than $250 million",2004
9,"Total assets $250 million to less than $1 billion",2004
10,"Total assets $1 billion and over",2004
11,"All total asset sizes (universe totals)",2004
1,"Total assets under $5 million",2005
2,"Total assets $5 million to less than $10 million",2005
3,"Total assets $10 million to less than $25 million",2005
4,"Total assets under $25 million",2005
5,"Total assets $25 million and over",2005
6,"Total assets $25 million to less than $50 million",2005
7,"Total assets $50 million to less than $100 million",2005
8,"Total assets $100 million to less than $250 million",2005
9,"Total assets $250 million to less than $1 billion",2005
10,"Total assets $1 billion and over",2005
11,"All total asset sizes (universe totals)",2005
1,"Total assets under $5 million",2006
2,"Total assets $5 million to less than $10 million",2006
3,"Total assets $10 million to less than $25 million",2006
4,"Total assets under $25 million",2006
5,"Total assets $25 million and over",2006
6,"Total assets $25 million to less than $50 million",2006
7,"Total assets $50 million to less than $100 million",2006
8,"Total assets $100 million to less than $250 million",2006
9,"Total assets $250 million to less than $1 billion",2006
10,"Total assets $1 billion and over",2006
11,"All total asset sizes (universe totals)",2006
1,"Total assets under $5 million",2007
2,"Total assets $5 million to less than $10 million",2007
3,"Total assets $10 million to less than $25 million",2007
4,"Total assets under $25 million",2007
5,"Total assets $25 million and over",2007
6,"Total assets $25 million to less than $50 million",2007
7,"Total assets $50 million to less than $100 million",2007
8,"Total assets $100 million to less than $250 million",2007
9,"Total assets $250 million to less than $1 billion",2007
10,"Total assets $1 billion and over",2007
11,"All total asset sizes (universe totals)",2007
1,"Total assets under $5 million",2008
2,"Total assets $5 million to less than $10 million",2008
3,"Total assets $10 million to less than $25 million",2008
4,"Total assets under $25 million",2008
5,"Total assets $25 million and over",2008
6,"Total assets $25 million to less than $50 million",2008
7,"Total assets $50 million to less than $100 million",2008
8,"Total assets $100 million to less than $250 million",2008
9,"Total assets $250 million to less than $1 billion",2008
10,"Total assets $1 billion and over",2008
11,"All total asset sizes (universe totals)",2008
1,"Total assets under $5 million",2009
2,"Total assets $5 million to less than $10 million",2009
3,"Total assets $10 million to less than $25 million",2009
4,"Total assets under $25 million",2009
5,"Total assets $25 million and over",2009
6,"Total assets $25 million to less than $50 million",2009
7,"Total assets $50 million to less than $100 million",2009
8,"Total assets $100 million to less than $250 million",2009
9,"Total assets $250 million to less than $1 billion",2009
10,"Total assets $1 billion and over",2009
11,"All total asset sizes (universe totals)",2009
1,"Total assets under $5 million",2010
2,"Total assets $5 million to less than $10 million",2010
3,"Total assets $10 million to less than $25 million",2010
4,"Total assets under $25 million",2010
5,"Total assets $25 million and over",2010
6,"Total assets $25 million to less than $50 million",2010
7,"Total assets $50 million to less than $100 million",2010
8,"Total assets $100 million to less than $250 million",2010
9,"Total assets $250 million to less than $1 billion",2010
10,"Total assets $1 billion and over",2010
11,"All total asset sizes (universe totals)",2010
1,"Total assets under $5 million",2011
2,"Total assets $5 million to less than $10 million",2011
3,"Total assets $10 million to less than $25 million",2011
4,"Total assets under $25 million",2011
5,"Total assets $25 million and over",2011
6,"Total assets $25 million to less than $50 million",2011
7,"Total assets $50 million to less than $100 million",2011
8,"Total assets $100 million to less than $250 million",2011
9,"Total assets $250 million to less than $1 billion",2011
10,"Total assets $1 billion and over",2011
11,"All total asset sizes (universe totals)",2011
1,"Total assets under $5 million",2012
2,"Total assets $5 million to less than $10 million",2012
3,"Total assets $10 million to less than $25 million",2012
4,"Total assets under $25 million",2012
5,"Total assets $25 million and over",2012
6,"Total assets $25 million to less than $50 million",2012
7,"Total assets $50 million to less than $100 million",2012
8,"Total assets $100 million to less than $250 million",2012
9,"Total assets $250 million to less than $1 billion",2012
10,"Total assets $1 billion and over",2012
11,"All total asset sizes (universe totals)",2012
1,"Total assets under $5 million",2013
2,"Total assets $5 million to less than $10 million",2013
3,"Total assets $10 million to less than $25 million",2013
4,"Total assets under $25 million",2013
5,"Total assets $25 million and over",2013
6,"Total assets $25 million to less than $50 million",2013
7,"Total assets $50 million to less than $100 million",2013
8,"Total assets $100 million to less than $250 million",2013
9,"Total assets $250 million to less than $1 billion",2013
10,"Total assets $1 billion and over",2013
11,"All total asset sizes (universe totals)",2013
1,"Total assets under $5 million",2014
2,"Total assets $5 million to less than $10 million",2014
3,"Total assets $10 million to less than $25 million",2014
4,"Total assets under $25 million",2014
5,"Total assets $25 million and over",2014
6,"Total assets $25 million to less than $50 million",2014
7,"Total assets $50 million to less than $100 million",2014
8,"Total assets $100 million to less than $250 million",2014
9,"Total assets $250 million to less than $1 billion",2014
10,"Total assets $1 billion and over",2014
11,"All total asset sizes (universe totals)",2014
1,"Total assets under $5 million",2015
2,"Total assets $5 million to less than $10 million",2015
3,"Total assets $10 million to less than $25 million",2015
4,"Total assets under $25 million",2015
5,"Total assets $25 million and over",2015
6,"Total assets $25 million to less than $50 million",2015
7,"Total assets $50 million to less than $100 million",2015
8,"Total assets $100 million to less than $250 million",2015
9,"Total assets $250 million to less than $1 billion",2015
10,"Total assets $1 billion and over",2015
11,"All total asset sizes (universe totals)",2015
1,"Total assets under $5 million",2016
2,"Total assets $5 million to less than $10 million",2016
3,"Total assets $10 million to less than $25 million",2016
4,"Total assets under $25 million",2016
5,"Total assets $25 million and over",2016
6,"Total assets $25 million to less than $50 million",2016
7,"Total assets $50 million to less than $100 million",2016
8,"Total assets $100 million to less than $250 million",2016
9,"Total assets $250 million to less than $1 billion",2016
10,"Total assets $1 billion and over",2016
11,"All total asset sizes (universe totals)",2016
1,"Total assets under $5 million",2017
2,"Total assets $5 million to less than $10 million",2017
3,"Total assets $10 million to less than $25 million",2017
4,"Total assets under $25 million",2017
5,"Total assets $25 million and over",2017
6,"Total assets $25 million to less than $50 million",2017
7,"Total assets $50 million to less than $100 million",2017
8,"Total assets $100 million to less than $250 million",2017
9,"Total assets $250 million to less than $1 billion",2017
10,"Total assets $1 billion and over",2017
11,"All total asset sizes (universe totals)",2017
1,"Total assets under $5 million",2018
2,"Total assets $5 million to less than $10 million",2018
3,"Total assets $10 million to less than $25 million",2018
4,"Total assets under $25 million",2018
5,"Total assets $25 million and over",2018
6,"Total assets $25 million to less than $50 million",2018
7,"Total assets $50 million to less than $100 million",2018
8,"Total assets $100 million to less than $250 million",2018
9,"Total assets $250 million to less than $1 billion",2018
10,"Total assets $1 billion and over",2018
11,"All total asset sizes (universe totals)",2018
1,"Total assets under $10 million",2019
2,"Total assets $10 million to less than $25 million",2019
3,"Total assets $25 million to less than $50 million",2019
4,"Total assets under $50 million",2019
5,"Total assets $50 million and over",2019
6,"Total assets $50 million to less than $100 million",2019
7,"Total assets $100 million to less than $250 million",2019
8,"Total assets $250 million to less than $1 billion",2019
9,"Total assets $1 billion to less than $5 billion",2019
10,"Total assets $5 billion and over",2019
11,"All total asset sizes (universe totals)",2019
1,"Total assets under $10 million",2020
2,"Total assets $10 million to less than $25 million",2020
3,"Total assets $25 million to less than $50 million",2020
4,"Total assets under $50 million",2020
5,"Total assets $50 million and over",2020
6,"Total assets $50 million to less than $100 million",2020
7,"Total assets $100 million to less than $250 million",2020
8,"Total assets $250 million to less than $1 billion",2020
9,"Total assets $1 billion to less than $5 billion",2020
10,"Total assets $5 billion and over",2020
11,"All total asset sizes (universe totals)",2020
1,"Total assets under $10 million",2021
2,"Total assets $10 million to less than $25 million",2021
3,"Total assets $25 million to less than $50 million",2021
4,"Total assets under $50 million",2021
5,"Total assets $50 million and over",2021
6,"Total assets $50 million to less than $100 million",2021
7,"Total assets $100 million to less than $250 million",2021
8,"Total assets $250 million to less than $1 billion",2021
9,"Total assets $1 billion to less than $5 billion",2021
10,"Total assets $5 billion and over",2021
11,"All total asset sizes (universe totals)",2021
1,"Total assets under $10 million",2022
2,"Total assets $10 million to less than $25 million",2022
3,"Total assets $25 million to less than $50 million",2022
4,"Total assets under $50 million",2022
5,"Total assets $50 million and over",2022
6,"Total assets $50 million to less than $100 million",2022
7,"Total assets $100 million to less than $250 million",2022
8,"Total assets $250 million to less than $1 billion",2022
9,"Total assets $1 billion to less than $5 billion",2022
10,"Total assets $5 billion and over",2022
11,"All total asset sizes (universe totals)",2022
1,"Total assets under $10 million",2023
2,"Total assets $10 million to less than $25 million",2023
3,"Total assets $25 million to less than $50 million",2023
4,"Total assets under $50 million",2023
5,"Total assets $50 million and over",2023
6,"Total assets $50 million to less than $100 million",2023
7,"Total assets $100 million to less than $250 million",2023
8,"Total assets $250 million to less than $1 billion",2023
9,"Total assets $1 billion to less than $5 billion",2023
10,"Total assets $5 billion and over",2023
11,"All total asset sizes (universe totals)",2023
1,"Total assets under $10 million",2024
2,"Total assets $10 million to less than $25 million",2024
3,"Total assets $25 million to less than $50 million",2024
4,"Total assets under $50 million",2024
5,"Total assets $50 million and over",2024
6,"Total assets $50 million to less than $100 million",2024
7,"Total assets $100 million to less than $250 million",2024
8,"Total assets $250 million to less than $1 billion",2024
9,"Total assets $1 billion to less than $5 billion",2024
10,"Total assets $5 billion and over",2024
11,"All total asset sizes (universe totals)",2024
1,"Total assets under $10 million",2025
2,"Total assets $10 million to less than $25 million",2025
3,"Total assets $25 million to less than $50 million",2025
4,"Total assets under $50 million",2025
5,"Total assets $50 million and over",2025
6,"Total assets $50 million to less than $100 million",2025
7,"Total assets $100 million to less than $250 million",2025
8,"Total assets $250 million to less than $1 billion",2025
9,"Total assets $1 billion to less than $5 billion",2025
10,"Total assets $5 billion and over",2025
11,"All total asset sizes (universe totals)",2025
